age,income,loan_amount,credit_score,employment_years,utilization,delinquencies,account_age
43,44215,21697,646,3.4,0.175,1,4.4
30,43486,9770,726,11.6,0.23,1,9.8
48,37099,18936,730,13.1,0.368,0,6.8
49,58186,10972,787,3.1,0.049,0,2.2
20,53845,15062,644,2.0,0.245,0,2.5
27,25945,7797,720,2.2,0.372,1,7.2
41,25321,6324,565,12.2,0.541,0,0.7
37,58097,5907,730,3.7,0.258,0,12.9
40,35379,7704,593,1.3,0.225,0,4.0
31,55316,14870,621,3.5,0.176,0,9.8
49,66995,17205,700,6.7,0.017,1,8.6
48,29484,14529,643,4.9,0.073,1,3.2
41,27872,3447,634,13.3,0.448,0,11.6
51,95777,28204,651,6.8,0.369,0,7.9
45,56423,6701,724,7.5,0.11,1,11.6
31,41453,23434,624,10.3,0.287,0,13.4
44,33739,16705,677,9.9,0.213,0,3.7
30,39968,23624,657,3.5,0.012,0,7.6
49,30448,16901,729,2.1,0.232,0,2.6
40,69798,18001,731,6.4,0.398,0,11.5
38,35929,16017,570,5.8,0.34,1,2.1
33,75918,19228,743,6.8,0.569,0,3.0
52,41762,22723,643,7.3,0.209,0,4.7
38,32295,9862,694,16.0,0.309,0,6.3
36,41336,11902,624,4.3,0.253,0,10.0
36,17160,9559,702,7.5,0.209,0,2.3
45,46709,24213,833,2.1,0.109,0,7.5
44,45796,26709,688,2.7,0.236,0,4.5
44,68179,9084,652,5.5,0.349,0,6.2
44,23051,5110,666,2.4,0.534,0,12.7
61,78022,19539,592,8.6,0.294,1,6.8
36,68066,21249,767,7.7,0.61,0,8.6
35,80888,27224,699,3.1,0.261,0,1.7
32,47998,11795,617,4.6,0.359,0,4.0
46,73538,36418,619,12.2,0.192,0,6.4
51,27214,5759,681,6.3,0.154,1,2.7
39,65200,29227,736,20.9,0.575,0,2.1
32,36009,18937,611,4.6,0.252,1,4.1
32,25322,10176,747,5.0,0.112,0,6.4
47,31268,8664,675,5.5,0.63,1,9.7
47,49129,9528,624,1.1,0.257,1,9.7
45,35252,5893,652,4.8,0.221,0,5.9
33,56979,26899,785,4.7,0.058,0,6.8
42,23782,7957,597,9.2,0.398,1,2.4
41,20935,2578,636,12.6,0.486,0,16.6
42,84877,50240,737,4.3,0.437,1,13.5
49,70370,30657,693,0.6,0.336,0,7.8
42,32218,16821,633,6.1,0.226,0,5.4
47,48962,15624,738,2.3,0.293,1,11.3
41,73703,42580,741,6.6,0.206,1,16.8
43,57970,11580,700,6.4,0.289,0,8.4
46,52015,10016,643,2.9,0.361,1,9.8
25,75968,41415,653,6.2,0.325,0,4.6
37,36597,19977,697,1.3,0.385,2,2.8
35,49636,17348,601,6.9,0.092,0,6.0
34,48672,7928,760,9.8,0.049,1,9.0
37,43954,11103,782,8.0,0.474,0,2.4
55,41943,20010,666,3.6,0.564,0,16.0
31,50471,26396,701,9.3,0.336,0,8.6
50,49700,13609,751,8.6,0.25,0,9.7
23,32229,4210,797,5.2,0.335,0,1.7
37,67556,29243,773,13.6,0.397,0,4.8
42,33171,15582,576,7.3,0.426,2,6.9
46,44923,14016,661,2.1,0.178,1,3.1
47,43560,17056,710,2.5,0.218,2,19.7
48,56570,33585,650,7.4,0.261,1,13.0
37,21002,4673,787,4.8,0.567,1,7.1
35,70008,27057,778,4.1,0.492,0,10.5
49,37392,15162,631,8.4,0.295,0,5.4
38,79856,29911,670,1.8,0.22,0,11.8
27,40487,21643,635,8.5,0.113,0,6.0
29,48072,19349,668,4.6,0.455,0,10.7
31,105400,37306,666,7.0,0.056,0,4.4
45,43873,7086,737,1.9,0.635,0,2.7
41,80462,36337,627,8.8,0.351,2,6.4
47,49792,8268,523,11.1,0.466,1,4.2
36,57882,6557,584,17.7,0.495,1,8.4
42,50412,17355,618,6.7,0.577,0,3.7
46,68812,26577,641,10.8,0.225,0,19.7
37,37264,22341,691,2.4,0.26,1,2.6
45,33070,15085,615,13.1,0.471,0,8.7
33,37971,19908,607,1.4,0.355,0,5.3
36,51015,13937,624,16.7,0.339,2,14.2
36,44877,15907,613,6.2,0.093,0,5.5
28,65128,38239,647,1.6,0.304,0,5.5
45,82611,25501,644,4.2,0.047,0,5.2
35,33179,16710,721,10.7,0.058,1,8.8
40,36549,13267,621,4.8,0.437,0,5.1
45,27598,5850,659,4.8,0.295,0,4.7
44,110431,43091,647,10.0,0.34,0,2.6
47,55374,11575,729,5.2,0.353,1,3.9
39,59392,6029,671,12.6,0.558,0,10.3
36,28679,6251,743,3.5,0.247,0,4.2
39,48998,9632,611,1.0,0.171,0,21.2
23,60096,17155,677,5.1,0.458,0,5.1
26,44307,24116,645,5.9,0.093,0,1.8
27,75379,22156,606,3.4,0.367,0,8.8
30,123591,64588,676,6.9,0.196,0,12.0
44,33563,12680,784,1.2,0.157,0,3.1
31,32571,3381,629,7.0,0.324,1,3.6
36,34506,6707,672,2.0,0.235,0,5.6
53,93198,52716,601,1.6,0.12,0,2.1
36,74380,29907,592,5.8,0.132,0,3.3
47,46434,26225,633,1.5,0.265,0,9.7
31,49743,12687,653,0.7,0.676,1,6.5
38,35362,16206,656,7.7,0.19,0,6.6
30,69983,34013,666,2.2,0.288,1,1.8
37,42110,24754,581,8.3,0.314,0,2.6
48,44177,4819,642,4.4,0.162,0,4.9
23,62537,36029,710,4.7,0.459,0,4.7
44,45470,13450,599,10.8,0.256,0,4.7
42,44623,23159,659,7.4,0.272,1,7.4
34,49229,18331,698,8.4,0.435,0,4.2
26,67383,25762,633,7.5,0.265,0,6.5
41,94712,26490,700,3.1,0.608,0,16.5
35,61957,31860,589,7.2,0.332,1,8.1
42,67597,15683,733,2.5,0.391,1,5.6
40,45255,15664,702,7.2,0.675,1,9.3
56,36934,14038,683,4.3,0.635,0,9.2
38,63678,30009,747,5.0,0.036,1,8.6
30,52496,17629,660,11.8,0.304,1,4.8
42,27749,12213,643,7.9,0.331,0,2.3
42,42992,14731,762,3.3,0.013,0,6.0
54,47422,20375,790,1.2,0.079,0,3.3
48,39967,17469,638,5.9,0.103,1,3.1
44,88672,40321,673,1.4,0.09,2,7.3
55,59393,30389,743,16.8,0.309,0,6.4
28,84903,31445,675,5.1,0.267,1,9.3
34,54468,10711,716,10.1,0.396,0,8.6
31,50643,22274,727,1.7,0.275,0,9.2
36,33704,4670,646,7.8,0.171,3,18.1
26,49255,10318,705,8.2,0.365,0,4.8
46,49277,24445,680,8.3,0.306,0,8.3
38,28372,9009,607,9.6,0.236,2,7.2
25,39505,13788,621,7.3,0.469,0,1.8
30,43075,25573,641,3.9,0.203,3,5.9
43,57837,12585,736,2.6,0.231,0,1.8
48,58956,6472,738,3.0,0.27,0,3.1
60,38850,6048,725,17.1,0.251,0,10.2
69,59133,13142,706,6.4,0.425,1,4.6
44,45577,21101,705,12.3,0.178,0,3.9
30,15555,7590,697,3.5,0.472,1,12.1
19,40381,15456,704,0.7,0.252,0,0.7
43,75478,17173,709,2.4,0.525,1,8.8
32,25016,9028,596,4.5,0.08,0,7.4
36,51281,5512,633,3.8,0.43,1,3.3
34,92421,40748,618,15.8,0.424,0,2.5
39,36162,14723,746,2.8,0.216,1,8.7
51,49063,5441,779,8.5,0.083,0,12.0
42,29097,14796,550,7.4,0.236,0,5.5
38,93985,45274,774,1.8,0.404,0,12.2
30,47414,12048,685,11.6,0.218,0,5.6
23,49944,20861,741,5.3,0.124,0,4.9
35,84265,33769,710,6.4,0.272,0,7.0
39,63869,10959,766,5.6,0.455,0,3.7
58,34536,6791,693,1.0,0.058,0,9.6
41,37839,16710,598,1.6,0.165,1,12.5
50,59753,33866,674,4.4,0.309,1,3.3
35,38191,14823,711,2.5,0.132,0,4.8
28,21017,8069,667,10.1,0.282,0,10.2
30,47988,20315,719,1.5,0.729,0,4.1
33,27117,8685,676,1.4,0.784,0,4.0
61,93574,11892,644,7.9,0.377,1,15.1
32,52613,15692,615,7.1,0.269,1,13.8
48,34130,18776,656,6.1,0.537,0,7.4
31,37069,18626,692,9.2,0.275,0,7.1
49,23023,12978,562,3.2,0.311,0,17.2
44,31578,5571,633,3.9,0.022,0,12.9
38,73609,25983,560,6.9,0.514,0,17.5
40,119696,46965,643,6.4,0.163,0,4.5
33,65549,13435,752,2.7,0.529,0,5.3
44,47249,9473,609,11.2,0.136,3,1.6
35,41242,20251,722,1.9,0.206,0,1.9
28,33436,14576,850,4.2,0.153,0,2.1
27,111737,47331,767,2.0,0.121,0,5.4
42,45456,10614,688,22.0,0.261,1,3.7
56,114262,40379,732,5.8,0.513,0,7.4
42,85597,9547,598,2.4,0.053,0,4.3
39,24433,4031,586,3.8,0.24,0,14.2
43,37557,13488,682,6.8,0.355,1,3.5
53,37511,9559,704,10.1,0.25,0,1.5
42,47480,27673,746,2.6,0.263,0,2.5
36,47852,16066,646,13.9,0.377,0,13.1
51,162510,23041,692,5.6,0.147,0,3.5
44,31860,3470,690,8.0,0.073,1,10.0
55,53723,24854,672,3.6,0.474,0,7.3
42,62731,11652,676,7.2,0.418,0,12.0
28,48990,9499,629,3.4,0.055,0,9.8
26,51230,15979,697,4.0,0.113,0,7.6
57,32276,7489,692,10.3,0.255,0,7.8
57,51154,20886,654,7.7,0.282,1,1.1
38,60148,20621,720,4.3,0.069,1,6.9
36,55884,8703,742,9.9,0.503,0,4.8
55,61579,30320,721,6.7,0.1,1,9.3
29,86253,26991,617,0.8,0.064,1,10.0
31,71310,28910,686,5.0,0.164,0,2.7
46,50439,5143,625,10.2,0.221,1,5.9
36,30678,12676,686,16.7,0.417,0,13.6
40,38561,9310,626,2.2,0.425,1,10.1
38,44898,15588,757,9.7,0.461,0,8.2
43,54227,13495,727,5.6,0.267,0,8.9
54,40484,24215,749,1.8,0.286,1,0.9
41,33715,7263,743,2.0,0.293,0,6.6
46,30477,16958,664,2.2,0.241,1,4.2
19,25325,14156,654,1.3,0.149,1,1.5
40,44624,13856,785,1.7,0.028,0,20.3
32,27232,6862,670,5.7,0.551,0,4.3
28,32853,9544,599,0.8,0.123,0,9.8
31,41875,24902,740,2.6,0.297,0,9.7
37,28728,11761,689,4.0,0.261,0,0.9
49,57062,21249,770,2.6,0.264,0,13.8
27,65913,7775,695,1.5,0.195,1,8.7
40,39349,20616,679,5.4,0.322,0,6.6
35,41159,5841,772,2.6,0.544,0,9.7
37,60777,7505,588,2.8,0.351,0,10.3
50,36842,8747,645,4.8,0.384,0,14.9
45,35843,12111,627,8.4,0.079,0,15.1
53,79110,43324,548,3.2,0.595,0,5.1
38,69820,34564,732,3.3,0.336,1,4.0
33,62356,12397,647,1.8,0.427,0,4.2
38,70987,20305,734,10.1,0.241,0,3.9
42,22228,10894,703,5.5,0.796,0,5.2
42,84249,30628,716,9.6,0.354,0,5.4
29,57344,10737,653,10.7,0.152,0,3.7
41,73447,21889,634,3.1,0.099,0,6.0
42,57232,23635,685,9.1,0.044,0,13.7
65,49990,29325,735,5.9,0.392,0,6.9
59,43909,18921,677,3.4,0.207,0,2.7
31,56775,6137,638,2.9,0.437,0,4.4
37,43274,19582,608,5.4,0.498,0,17.3
25,69366,15637,692,6.4,0.214,0,7.4
34,25989,13802,647,0.6,0.08,1,3.7
43,39473,11524,676,3.8,0.606,0,15.0
52,111071,22193,666,6.2,0.226,1,10.5
33,38161,12745,653,7.3,0.463,0,14.7
33,44557,10141,698,4.8,0.171,0,2.0
19,34440,7505,713,0.5,0.09,0,0.5
38,56069,21678,798,2.9,0.339,0,10.9
29,36516,17662,725,7.0,0.27,1,8.7
35,45513,23552,776,6.3,0.335,1,15.6
31,68840,20572,631,10.6,0.145,0,12.1
39,37067,4945,584,14.3,0.168,0,1.9
22,67201,22982,679,4.4,0.62,0,4.4
25,68111,21584,731,4.3,0.586,0,7.3
61,74756,14838,722,1.9,0.249,0,3.2
27,51856,28421,753,2.6,0.064,1,7.4
29,179244,105230,528,11.0,0.167,0,3.6
58,74743,9408,755,5.6,0.239,0,8.4
69,55824,27793,700,6.5,0.461,1,5.9
28,34532,14602,587,9.6,0.237,1,6.8
36,47154,10879,723,5.3,0.304,0,12.6
43,86728,36216,690,11.9,0.195,0,5.0
57,97131,15961,703,1.7,0.139,0,5.5
30,88551,11928,740,7.5,0.494,1,5.7
38,67109,40047,706,17.1,0.799,1,7.9
48,29665,12406,592,12.6,0.571,0,5.1
44,59567,13499,671,13.1,0.27,0,4.0
36,29835,9697,583,1.5,0.374,0,11.1
39,27038,15548,719,6.3,0.073,1,5.5
26,53942,17227,764,4.9,0.209,0,6.3
38,60432,33251,606,2.6,0.157,0,9.9
37,70358,37600,640,6.3,0.346,0,4.7
42,59806,16272,627,1.9,0.2,0,2.7
34,60635,27165,653,7.1,0.268,0,14.8
45,33062,14225,705,2.4,0.265,2,8.6
50,47005,22826,653,6.9,0.06,0,6.8
42,26827,7591,719,2.7,0.235,0,7.2
44,21997,2774,744,4.1,0.11,1,16.5
41,65924,12230,746,3.8,0.239,1,10.0
40,36270,14808,613,4.8,0.424,0,0.8
33,69494,33882,763,5.2,0.198,0,6.7
43,76370,36506,768,3.8,0.32,0,7.2
39,38264,14994,773,2.2,0.185,0,6.8
61,62077,8838,671,11.1,0.064,1,1.6
56,37629,4088,635,5.3,0.242,0,3.1
44,23427,11504,621,6.4,0.137,2,2.0
32,51499,19296,614,3.8,0.123,0,14.4
29,40605,19952,681,10.9,0.096,0,6.9
52,41108,7457,731,5.7,0.331,1,7.6
43,108027,32809,758,11.5,0.553,0,6.0
45,26626,14900,651,4.2,0.617,0,2.2
23,57134,10615,678,4.6,0.153,0,3.7
49,32928,4306,674,4.6,0.124,0,4.0
45,70496,30083,642,10.3,0.385,1,18.1
29,55236,21944,724,3.5,0.333,1,6.1
35,57053,32863,702,2.0,0.295,0,4.6
43,33592,18584,689,6.4,0.422,0,12.2
41,36090,17132,701,10.7,0.473,1,5.5
37,71033,7784,717,4.7,0.234,0,2.7
39,99540,33863,716,3.4,0.257,0,3.6
37,59404,32557,630,1.7,0.178,0,12.1
42,34236,10847,734,10.8,0.139,0,4.8
55,56138,32621,695,2.5,0.575,0,8.0
18,129442,55174,654,0.0,0.322,0,0.0
38,51071,7902,694,3.7,0.215,0,10.4
42,87969,31197,701,5.0,0.295,0,5.6
43,36456,16325,745,7.7,0.341,0,4.0
36,48202,6396,617,18.2,0.203,0,3.6
22,62807,17104,759,4.4,0.147,0,4.4
43,57465,26350,681,1.7,0.062,0,4.6
57,36078,6441,650,4.8,0.185,0,7.7
25,35461,9722,648,6.7,0.136,0,6.7
49,72789,32388,620,12.1,0.361,0,6.8
37,78954,38511,576,11.1,0.266,0,8.5
39,89757,32246,721,4.7,0.622,0,4.7
29,100868,58345,799,5.6,0.461,0,5.5
37,51733,29108,583,6.2,0.171,0,13.4
53,43283,14574,623,5.6,0.414,0,10.3
46,84153,15159,725,4.8,0.459,0,6.0
57,65201,31718,677,14.6,0.29,1,6.9
52,33091,7332,730,3.0,0.337,0,5.8
44,32420,16904,674,9.8,0.188,0,9.6
57,59681,23489,645,8.6,0.143,0,4.5
44,45665,13565,666,4.7,0.093,1,9.6
48,48505,18344,537,2.8,0.128,0,16.2
37,75283,27584,611,5.3,0.107,0,7.3
41,66411,37347,737,8.0,0.12,0,2.9
33,83446,17288,752,0.2,0.137,0,6.2
50,22638,12770,764,1.9,0.131,0,15.4
28,54250,6275,706,0.4,0.028,0,6.8
48,64723,31365,545,6.5,0.178,2,3.3
38,26619,14902,642,6.3,0.137,1,6.1
52,37724,11205,759,2.1,0.155,0,14.0
48,35025,4782,777,2.6,0.477,0,4.5
58,49448,24839,762,6.0,0.195,0,14.2
47,94009,49019,666,1.2,0.365,0,5.8
24,110088,29518,602,6.3,0.097,2,6.3
39,35394,12717,678,4.3,0.313,0,4.8
28,60514,30543,681,5.0,0.519,0,3.8
35,61299,12016,774,5.4,0.065,0,1.0
55,57242,23726,694,1.7,0.417,0,6.4
46,57503,18132,681,5.4,0.224,0,5.7
33,55354,10363,684,7.6,0.43,0,15.0
30,96281,49654,704,2.9,0.384,0,11.1
40,76190,19988,718,2.6,0.47,1,13.8
28,32078,18195,637,9.8,0.442,0,9.8
33,67392,25910,617,2.4,0.208,0,6.5
43,70049,25025,762,3.6,0.263,1,25.1
52,55603,17329,582,12.9,0.071,0,6.2
46,77078,23149,778,1.1,0.267,1,8.5
18,52851,26900,565,0.0,0.513,0,0.0
43,53114,23304,645,7.5,0.529,0,11.4
41,51457,25051,738,4.8,0.268,0,7.3
44,21866,6790,680,0.9,0.67,0,9.4
56,47469,10952,601,1.9,0.379,1,4.5
19,37523,5382,706,0.8,0.126,0,1.4
34,30498,14893,684,4.4,0.131,0,8.5
46,86995,26763,667,6.7,0.531,1,3.4
24,59975,21268,643,2.8,0.057,0,4.3
55,48439,16211,678,3.9,0.431,0,1.7
44,39108,12341,645,3.8,0.339,1,6.7
48,55186,24390,826,11.5,0.144,0,7.3
34,72880,29470,666,6.0,0.817,0,12.4
48,35215,20637,658,5.4,0.235,1,3.8
51,48926,8291,648,10.3,0.208,1,5.3
42,69371,26830,787,1.4,0.245,0,10.6
42,22598,2974,582,5.9,0.354,0,11.7
43,47905,24142,702,3.2,0.601,0,11.4
31,41286,16851,666,12.6,0.103,0,4.0
39,46466,14599,595,10.3,0.286,0,2.0
38,40109,20099,631,3.2,0.325,0,7.2
44,51795,16963,699,4.0,0.117,0,6.6
50,105815,22633,628,2.2,0.315,0,7.5
29,43063,14480,696,9.2,0.204,0,8.3
39,55088,7460,784,7.9,0.113,0,9.1
55,108869,59761,690,4.2,0.518,1,9.2
33,39340,18312,593,4.2,0.469,0,5.4
32,101303,48641,629,3.5,0.273,0,6.0
42,49125,26392,663,12.1,0.166,1,4.9
48,99983,49570,659,4.5,0.26,0,10.8
40,66176,20907,689,3.6,0.047,0,3.3
53,55428,8831,699,8.6,0.527,1,17.4
49,47751,13689,784,0.4,0.111,0,6.7
48,38192,21657,680,4.0,0.22,0,6.6
46,50530,29032,611,9.4,0.319,0,5.9
63,70189,33967,749,13.9,0.647,0,11.0
38,48764,9861,756,2.9,0.395,0,7.0
20,43189,8518,694,2.0,0.377,1,2.0
56,44342,23940,665,2.9,0.522,0,10.7
35,72911,12465,717,17.4,0.247,0,4.5
41,80023,31374,667,5.6,0.332,0,11.1
53,37539,10854,557,7.8,0.255,0,2.5
24,37518,9417,714,0.5,0.672,0,6.0
27,57053,25029,734,3.4,0.407,0,4.4
24,90311,52361,766,6.0,0.14,0,3.0
32,77528,37897,636,1.4,0.625,0,5.7
44,29711,10193,694,5.6,0.155,1,5.2
45,44107,14130,695,14.4,0.098,0,8.3
43,33785,18711,685,9.0,0.517,0,2.9
26,44046,17136,687,7.4,0.411,0,7.9
18,93131,32439,682,0.0,0.361,0,0.0
41,27749,12249,693,1.8,0.329,0,7.0
35,25654,5607,724,4.8,0.427,0,3.3
45,35192,4641,753,8.0,0.402,0,6.7
47,54991,29011,635,2.2,0.195,0,4.4
41,62837,25363,670,8.9,0.539,0,2.2
48,58395,10653,655,5.9,0.521,0,9.6
42,78455,19537,646,2.6,0.189,0,3.9
45,24216,14408,583,1.0,0.471,0,8.2
33,78853,32898,681,1.4,0.282,0,3.9
38,43268,18088,709,4.7,0.443,0,6.6
42,65683,8938,671,11.0,0.06,0,21.0
48,28872,16876,679,2.6,0.52,0,12.1
36,49118,26838,705,12.0,0.132,0,16.4
45,53880,20145,765,0.9,0.2,1,12.5
37,77831,19823,655,5.3,0.302,2,6.5
39,26001,11675,610,4.9,0.254,1,11.0
48,49628,25642,675,6.8,0.376,0,6.0
20,31758,15659,793,2.1,0.166,0,2.1
27,60006,35315,610,3.6,0.324,0,7.7
25,66895,27991,719,3.6,0.287,1,2.3
18,82032,21379,749,0.0,0.467,0,0.0
33,39576,13811,538,5.5,0.056,0,13.2
47,71032,36096,705,0.5,0.285,0,11.7
37,84488,19658,716,3.9,0.288,0,5.9
42,25405,5480,664,4.1,0.162,0,16.4
51,62626,28959,641,4.1,0.11,1,8.9
53,71927,23176,645,8.7,0.305,0,9.9
39,44201,22467,660,3.1,0.144,0,5.2
54,30203,5190,662,6.1,0.237,0,10.8
41,71481,19146,651,14.5,0.301,1,6.2
32,30339,7101,659,11.0,0.054,0,3.6
34,45645,20492,751,2.9,0.751,0,8.9
25,48240,23139,607,5.6,0.357,1,6.8
31,65265,21407,575,0.2,0.196,1,6.5
36,38153,12934,752,7.7,0.284,0,9.4
48,37278,6189,668,1.7,0.128,0,2.4
57,50999,22996,657,5.0,0.055,0,4.6
26,73318,43709,673,4.5,0.164,0,8.2
44,122391,59845,693,10.6,0.154,0,3.3
30,26823,5675,649,6.2,0.167,0,4.1
45,55611,22887,710,4.5,0.482,0,10.8
39,31742,7855,622,8.1,0.409,0,2.9
22,73683,8480,662,3.7,0.149,0,3.7
49,33677,6396,547,0.3,0.035,1,9.5
34,37427,5663,750,3.1,0.413,2,10.0
35,38727,7667,669,14.8,0.274,1,3.1
29,47549,23670,720,11.3,0.495,0,11.3
33,55786,13747,709,2.6,0.495,0,7.5
44,59485,28465,713,9.5,0.212,0,16.6
38,48908,28094,680,2.6,0.171,0,9.6
43,28797,11149,703,2.0,0.192,2,6.4
44,65586,22477,622,4.6,0.362,0,2.5
53,47993,22800,610,10.3,0.232,1,8.5
37,78018,11589,674,4.2,0.146,0,11.5
25,36935,11601,639,7.2,0.157,1,7.2
51,25825,9023,766,10.9,0.111,0,3.5
37,48358,24930,703,3.5,0.571,0,16.2
51,82321,41746,637,3.4,0.611,1,4.7
44,52280,27402,664,4.3,0.177,1,12.0
39,45258,20318,688,5.2,0.448,0,3.8
43,34609,12642,676,4.7,0.12,0,1.1
60,99023,50892,696,5.6,0.231,0,3.8
61,32473,17426,684,3.7,0.376,0,4.0
41,36675,12478,597,1.8,0.42,0,4.0
42,61575,36504,551,17.1,0.335,1,2.8
51,23332,12539,658,3.1,0.129,0,3.4
32,81621,28994,714,1.0,0.531,3,1.3
43,62924,8472,658,8.6,0.099,0,1.8
40,70241,14908,754,2.1,0.318,0,18.4
43,61282,29918,677,8.0,0.735,0,8.1
32,45961,7150,761,2.9,0.18,0,6.6
24,32040,10730,749,6.1,0.391,2,6.1
19,46350,18652,743,1.3,0.329,1,1.3
29,33187,17893,608,4.4,0.36,0,6.4
35,59543,31174,681,7.4,0.31,0,5.4
37,67691,32637,753,6.4,0.377,0,9.0
59,88497,26890,696,2.9,0.266,1,11.2
51,56880,9734,713,8.3,0.326,1,4.2
30,70957,30854,597,5.5,0.407,0,3.4
43,43527,8298,795,6.1,0.586,0,4.7
36,40485,15411,633,7.9,0.38,0,4.3
37,59247,34976,560,4.8,0.188,0,9.1
42,41999,15756,659,2.5,0.254,0,6.7
46,54594,23081,533,7.4,0.329,0,3.6
37,32065,14070,615,8.9,0.202,0,18.6
51,34453,17750,834,8.9,0.096,0,1.7
29,63207,20067,657,9.0,0.224,0,10.0
40,69890,24374,594,6.8,0.224,1,4.2
66,33049,6213,682,1.1,0.125,0,5.3
42,64103,26112,626,19.9,0.177,2,8.4
54,39613,9819,732,8.8,0.025,0,0.9
41,49346,17459,627,3.8,0.186,0,8.5
46,86403,41757,696,9.7,0.299,0,10.9
39,67710,7366,611,1.9,0.199,0,12.6
38,67397,25743,836,8.0,0.211,0,4.0
32,105189,19641,710,4.2,0.702,1,10.0
44,36992,8867,671,2.0,0.355,0,11.6
31,33046,3878,662,2.0,0.29,0,11.4
47,36723,6784,647,7.1,0.31,0,7.4
51,44276,26270,634,7.8,0.248,0,12.9
44,19114,11454,633,2.4,0.221,1,20.6
37,45118,20751,781,4.2,0.206,0,6.5
45,39426,16004,647,6.6,0.115,0,4.1
37,67071,32764,552,3.4,0.482,0,7.7
49,56442,30946,610,17.7,0.152,1,5.1
22,38550,13865,736,3.7,0.362,0,3.7
37,62068,7302,665,4.8,0.03,1,16.8
20,65467,29768,672,2.1,0.202,1,2.1
25,36047,21351,750,7.0,0.342,1,5.4
54,40247,9218,633,6.7,0.4,0,4.7
49,20128,6677,718,7.3,0.086,0,8.3
33,31689,8893,640,9.0,0.216,0,9.5
25,36425,10754,715,3.1,0.434,0,7.0
18,50497,23264,657,0.0,0.114,0,0.0
35,33585,9713,666,11.4,0.122,0,13.7
64,39919,22776,729,5.5,0.158,0,3.8
44,30027,14858,725,3.7,0.373,0,3.3
34,52494,5975,670,2.5,0.304,1,6.0
45,58121,29600,652,2.3,0.343,0,3.5
24,57581,28009,776,6.0,0.122,0,6.4
37,49264,17649,715,5.1,0.074,0,4.6
41,26465,9221,657,10.9,0.579,0,10.9
39,38255,19807,641,7.9,0.159,0,9.1
48,41651,13011,741,8.9,0.061,1,9.6
43,41718,7498,687,10.5,0.192,1,7.9
47,50513,12954,670,6.2,0.393,0,7.7
33,86701,20167,687,14.3,0.392,0,4.4
49,67835,29883,700,3.0,0.526,0,4.8
56,33024,6256,677,10.3,0.12,0,4.9
30,64303,27161,752,0.8,0.411,0,10.5
31,63330,21088,756,0.8,0.069,0,8.2
53,35510,18459,712,1.9,0.065,0,4.9
38,68840,23578,762,4.8,0.328,1,6.8
54,45975,25971,681,0.7,0.277,2,13.5
36,27890,15346,721,4.7,0.497,2,0.4
55,58811,11330,740,3.8,0.113,0,6.3
41,53465,23689,741,18.8,0.594,1,6.9
43,44754,9278,735,1.4,0.396,1,4.6
56,48292,24709,718,5.8,0.356,0,2.5
36,36767,15364,797,7.8,0.089,0,4.4
31,62571,15459,648,12.6,0.411,0,3.9
36,48176,10819,671,8.7,0.533,0,7.0
45,52396,16494,667,11.5,0.223,0,4.1
24,56549,28295,658,6.3,0.583,0,6.3
46,30889,15385,561,2.7,0.081,1,15.4
35,34279,4000,762,1.3,0.111,0,3.4
51,20252,5086,618,9.3,0.133,1,11.5
18,61445,19136,690,0.0,0.074,0,0.0
32,30185,11857,595,0.6,0.54,0,1.3
23,51690,9034,717,4.0,0.081,0,5.1
32,56863,15219,633,5.1,0.145,2,10.9
42,62376,33858,612,12.7,0.102,1,3.3
38,30285,10244,692,4.3,0.505,0,8.3
37,47760,22546,638,5.1,0.381,1,5.8
38,95618,32738,646,5.2,0.137,0,7.4
42,97317,32357,690,10.2,0.13,1,4.3
30,72761,29902,728,2.8,0.515,1,3.6
47,56106,12887,631,7.0,0.248,0,3.1
47,32793,7375,621,3.4,0.163,1,12.7
44,65346,38860,681,12.5,0.544,0,3.4
46,46018,24597,712,14.4,0.04,1,8.2
43,61341,28762,768,5.8,0.094,1,3.4
60,38058,6415,616,6.7,0.117,1,20.7
39,45744,5266,661,4.3,0.135,1,3.4
37,52347,9826,751,0.8,0.17,0,3.3
32,54096,30773,798,5.2,0.193,0,13.8
30,59724,30348,620,4.9,0.518,0,5.5
28,38883,14058,636,3.9,0.266,1,2.8
31,28644,16739,703,4.3,0.076,0,6.2
39,93893,16271,645,7.1,0.231,0,3.8
43,132681,50362,634,6.7,0.111,0,22.8
41,58628,11234,695,4.4,0.146,1,1.9
32,28866,7309,773,13.2,0.547,0,9.4
49,35980,20511,601,0.7,0.336,0,14.1
47,60093,32098,770,2.9,0.525,0,10.0
38,83822,12649,646,9.3,0.237,0,4.2
33,30177,6783,701,1.0,0.056,2,11.8
45,46642,18529,775,0.7,0.104,0,7.1
42,53017,6928,700,2.9,0.519,0,9.1
26,69274,25981,662,4.9,0.435,0,7.5
39,42726,16759,723,3.5,0.366,0,3.3
43,26225,6438,670,6.0,0.44,0,8.8
31,62848,15496,711,0.7,0.35,0,9.9
42,76874,16492,668,2.7,0.259,1,6.3
25,47428,26931,732,7.5,0.27,0,4.2
53,57647,16973,596,7.1,0.064,0,6.0
52,40546,15920,619,3.1,0.314,0,16.5
37,34951,8765,595,5.7,0.177,0,8.2
44,73908,33357,677,4.9,0.017,1,6.6
18,57239,8627,588,0.0,0.217,0,0.0
28,59644,8101,638,6.3,0.306,0,10.4
37,89397,42208,614,15.0,0.27,0,8.7
29,32147,14895,769,11.3,0.609,0,5.0
47,39308,9139,621,1.0,0.382,1,4.5
60,52218,14492,603,4.2,0.476,0,3.0
28,39116,22633,695,1.8,0.588,0,9.0
32,67054,10203,781,6.7,0.161,0,1.8
42,45481,8713,673,4.4,0.51,1,9.2
56,32958,10382,678,10.5,0.151,0,1.9
28,50328,12131,757,5.1,0.137,0,5.7
42,52477,22277,733,13.6,0.31,1,11.9
58,71244,31725,706,15.6,0.259,0,1.5
23,57369,20836,645,5.5,0.553,0,5.5
27,58951,23910,707,0.5,0.176,0,4.4
36,55721,17647,598,6.3,0.158,2,6.0
35,45466,21832,643,3.9,0.195,0,4.4
48,36810,4456,766,4.4,0.054,0,4.7
42,55025,14111,758,9.3,0.046,0,3.6
22,42905,18973,706,4.1,0.259,0,4.3
45,96368,25520,564,5.4,0.607,0,9.6
34,83857,11679,608,5.6,0.078,1,3.4
53,63142,17207,639,0.7,0.285,0,8.3
34,57033,25993,670,3.6,0.553,0,2.1
34,47326,7619,605,11.0,0.14,0,7.3
45,29601,13685,665,0.6,0.17,0,5.2
48,44960,21928,786,7.7,0.404,0,8.6
44,51050,21321,704,2.4,0.329,0,5.8
23,53733,11935,693,3.8,0.155,0,5.1
45,59149,29731,619,8.8,0.255,0,3.7
30,70865,14685,582,1.9,0.373,0,9.9
42,37166,20549,606,4.1,0.481,1,1.8
26,37301,16909,579,1.0,0.159,0,6.9
44,87583,11155,685,6.9,0.13,0,6.4
32,66729,33341,703,2.7,0.383,0,3.8
27,41927,14809,622,1.3,0.6,1,8.8
47,46963,15325,689,5.1,0.371,1,9.2
42,47048,14597,768,1.0,0.349,0,4.3
34,49644,20022,797,3.7,0.051,1,5.1
55,59223,27378,726,2.5,0.163,0,7.9
36,135131,74050,670,6.0,0.144,0,2.1
40,52886,12506,724,6.1,0.283,1,4.5
43,63898,26542,761,2.9,0.53,1,4.7
34,24969,11066,560,13.4,0.37,0,5.4
45,40378,17661,769,10.6,0.507,0,10.1
35,80140,27768,647,2.2,0.51,0,9.7
36,57580,17015,648,17.9,0.584,0,3.6
54,8471,4076,659,8.5,0.103,0,6.8
30,64190,16048,699,6.5,0.203,0,7.6
18,105584,21542,613,0.0,0.287,0,0.0
56,22063,8227,663,1.6,0.237,0,2.9
65,90017,21046,712,11.8,0.346,1,1.2
36,16175,1886,693,0.7,0.329,1,17.9
21,71339,8974,703,2.6,0.291,1,2.6
37,48852,21861,661,10.7,0.17,0,6.1
37,19149,11232,722,2.3,0.073,1,7.8
38,58598,19182,743,8.9,0.151,1,6.0
29,77679,13480,740,5.5,0.12,0,6.3
46,56701,28863,706,9.3,0.183,3,7.6
45,61941,14291,736,10.4,0.204,1,3.8
25,41578,24856,732,7.1,0.269,0,3.9
47,23282,8885,841,12.2,0.127,1,4.0
61,64650,13985,753,0.8,0.248,1,8.2
42,98706,34350,675,2.2,0.304,0,9.3
37,77021,20618,625,7.3,0.22,0,3.6
39,22134,10840,664,10.4,0.266,0,3.8
46,26743,4089,660,1.9,0.433,0,8.7
23,34948,18470,711,4.7,0.446,1,4.7
42,25921,12537,638,12.8,0.296,0,10.9
36,49895,26478,752,10.2,0.327,0,4.1
58,57375,31413,597,8.3,0.152,0,8.3
38,27664,5945,582,4.9,0.299,0,15.3
57,66893,24115,672,4.7,0.189,0,4.7
29,62345,32729,629,11.0,0.279,1,9.7
46,39369,11366,605,3.3,0.763,1,6.9
43,45752,5957,642,2.2,0.432,0,19.5
31,22473,5524,634,1.3,0.59,1,1.3
42,42920,9484,681,7.9,0.541,0,7.5
52,49166,26305,643,7.1,0.317,0,13.3
37,52444,17407,648,5.2,0.441,0,3.4
23,57042,25200,680,5.1,0.15,0,5.1
40,54052,31407,741,9.3,0.332,0,4.8
31,44102,11008,768,4.3,0.25,0,1.9
37,54966,26417,689,7.5,0.067,0,4.8
39,73190,8152,694,4.0,0.46,0,3.6
23,47184,7175,669,4.9,0.608,0,4.9
24,55661,10071,709,5.8,0.205,0,5.8
45,45503,11658,703,10.0,0.173,0,5.0
35,37847,11411,760,15.9,0.378,0,4.8
18,60425,20454,567,0.0,0.544,0,0.0
48,39258,8741,666,2.7,0.076,0,10.9
43,57209,7615,700,7.0,0.17,0,14.5
33,49578,21753,678,3.5,0.388,0,8.8
27,43409,4854,624,7.9,0.137,0,4.7
48,42991,21699,602,6.0,0.225,0,7.7
43,40005,22586,728,2.2,0.096,0,10.7
64,25379,11552,635,7.2,0.413,0,6.0
44,57134,22738,575,2.4,0.228,0,9.3
44,53778,23044,731,13.4,0.289,0,5.2
38,68863,29343,708,4.4,0.198,0,2.6
48,39633,22426,673,2.7,0.178,1,10.4
46,104627,60909,625,6.1,0.461,2,7.1
53,42113,13196,673,6.7,0.366,1,7.8
35,34543,14112,753,3.3,0.082,2,11.3
36,32943,16518,583,3.1,0.462,0,3.7
35,24500,2463,586,1.0,0.044,0,4.8
48,90495,32896,642,9.6,0.39,0,14.4
55,84832,36176,678,13.2,0.184,0,7.6
35,62336,28588,650,10.6,0.106,0,10.7
36,34254,9742,719,2.6,0.19,0,6.7
43,101165,25071,745,7.1,0.206,0,9.2
38,42587,8137,697,6.2,0.229,1,9.4
50,44020,16679,714,1.3,0.338,0,4.3
18,87108,48750,696,0.0,0.164,1,0.0
32,63804,34964,681,6.7,0.261,0,7.7
32,118236,33104,602,0.6,0.319,0,2.2
18,54149,12396,618,0.0,0.092,0,0.0
30,41822,20677,599,8.8,0.546,0,5.0
31,38379,17750,671,2.6,0.417,0,1.8
38,23417,8258,694,1.3,0.367,1,13.2
51,43851,12915,593,10.3,0.056,0,4.4
38,77485,12545,684,2.6,0.05,0,3.0
30,62289,30681,627,8.9,0.638,0,8.0
39,49421,20200,616,15.7,0.113,0,9.3
50,32926,9497,642,1.8,0.3,1,5.2
30,53678,30027,613,4.5,0.199,0,9.3
31,73506,31596,716,6.3,0.519,1,10.6
46,58238,32882,670,10.1,0.509,0,5.1
38,52402,17670,729,3.2,0.311,1,2.8
46,35640,11665,653,0.2,0.513,0,4.7
40,69347,39432,656,1.8,0.506,0,5.7
47,14006,8122,792,3.8,0.081,0,6.7
30,57133,33159,583,8.9,0.307,0,10.8
40,137054,69822,757,4.6,0.147,0,5.9
38,26813,8881,779,8.4,0.102,0,4.0
28,44509,9131,726,3.7,0.4,1,4.6
24,48866,14255,660,5.8,0.278,0,6.4
47,40740,23187,766,9.3,0.42,0,7.8
36,74202,20908,661,11.1,0.053,0,15.9
30,59218,28327,638,11.8,0.236,2,5.7
39,52100,29254,657,6.4,0.554,2,4.0
51,67434,39462,646,0.7,0.245,0,1.4
18,49350,28319,623,0.0,0.297,0,0.0
25,174896,66028,747,0.7,0.066,0,7.0
31,52080,18017,634,7.9,0.289,1,4.5
55,53003,31475,678,5.7,0.065,0,12.5
43,24731,5171,593,10.7,0.474,0,1.7
48,39443,7643,682,3.7,0.266,0,4.9
29,77571,45115,611,5.9,0.156,1,10.5
29,28733,12775,609,7.4,0.643,0,10.8
44,20681,7614,673,0.3,0.421,0,9.1
41,49659,8245,743,7.1,0.32,0,11.1
45,84821,30249,706,2.7,0.302,0,3.8
38,49859,28525,711,6.6,0.139,1,5.4
43,42854,17203,672,0.5,0.638,0,13.8
42,23309,7047,660,8.2,0.151,0,3.6
48,58741,22060,727,7.7,0.154,0,6.6
48,63864,34683,646,10.4,0.269,0,9.6
24,24036,13374,730,1.0,0.259,0,5.8
18,77174,23155,754,0.0,0.255,0,0.0
50,66588,26904,630,1.5,0.47,0,5.3
52,77105,18475,638,5.8,0.192,0,8.3
30,61908,20154,647,3.9,0.046,0,11.8
21,63670,13367,592,3.4,0.505,0,3.4
41,60372,22080,652,16.0,0.364,1,8.5
49,69382,26998,758,1.8,0.365,1,6.1
58,23683,6369,617,14.4,0.677,0,3.8
45,26892,6348,760,9.1,0.201,0,5.4
36,36519,6410,654,5.1,0.336,1,6.1
31,46540,7901,807,5.0,0.095,0,5.3
40,57254,26092,639,7.7,0.495,0,6.5
37,55819,11768,671,3.6,0.247,1,8.7
30,76638,12184,625,4.3,0.102,1,4.5
60,77606,46520,639,5.8,0.248,0,10.8
58,34581,7952,760,13.3,0.396,0,8.3
51,53929,29555,708,4.6,0.351,0,6.9
31,34922,14129,742,0.8,0.186,0,5.8
49,45465,20802,601,6.0,0.475,0,3.6
46,55755,21212,719,4.8,0.349,0,8.7
44,12538,2387,622,3.0,0.224,0,20.7
52,128605,67328,600,6.7,0.303,0,13.1
46,61486,31603,694,3.0,0.53,0,9.4
47,38627,10616,694,4.5,0.293,0,14.0
46,105974,51071,683,5.8,0.39,1,4.7
43,42660,15849,723,6.3,0.157,1,4.2
22,51689,28663,732,4.2,0.092,0,4.2
41,40342,20228,768,7.9,0.498,0,6.7
34,94921,11438,609,5.7,0.539,0,12.4
27,47005,25366,770,1.1,0.409,0,9.2
57,52041,30407,793,6.5,0.06,0,1.6
57,79341,37376,658,10.2,0.136,0,10.8
54,61948,9909,580,0.8,0.537,0,5.9
43,47967,24160,597,1.1,0.154,0,8.0
54,76432,32388,652,2.6,0.388,1,6.3
40,135319,36457,801,9.7,0.561,0,4.5
42,55657,30167,681,2.5,0.031,0,8.0
29,51365,19662,643,9.8,0.173,0,4.3
44,52483,27631,639,6.2,0.181,1,5.9
41,82799,36022,601,3.2,0.221,1,3.8
27,38574,9422,732,9.0,0.143,0,3.1
39,43856,25766,674,1.6,0.234,0,20.1
39,26503,10217,806,5.3,0.433,0,4.9
58,30530,10941,718,2.2,0.448,1,5.9
49,39850,12025,730,6.7,0.383,0,13.0
40,47936,8062,665,2.3,0.295,1,7.1
42,99472,44077,615,3.6,0.398,0,3.7
40,60742,19158,628,2.7,0.651,0,3.7
38,34036,19309,598,4.2,0.525,0,3.6
29,36637,21343,735,10.1,0.537,0,11.2
38,84957,41104,657,1.3,0.68,0,1.5
33,76929,17020,737,2.5,0.529,0,3.3
27,49576,22705,688,3.7,0.433,0,5.0
45,41068,4526,662,4.3,0.141,1,5.0
44,76878,39454,610,12.7,0.105,0,4.7
22,32947,11426,698,2.6,0.223,0,4.1
39,57343,32592,667,9.8,0.422,0,7.6
50,121669,35148,734,13.8,0.408,1,4.1
51,53217,12324,637,4.5,0.198,0,4.8
50,35945,21478,717,2.1,0.129,0,23.4
40,57766,21104,778,11.6,0.148,0,7.8
32,40619,21593,696,9.2,0.482,0,0.7
29,28067,15592,727,1.9,0.18,0,3.7
43,64888,23310,714,15.3,0.305,1,4.7
44,76660,25133,794,2.9,0.156,2,19.8
53,43288,16296,702,4.5,0.252,0,4.9
51,42155,22084,722,8.2,0.173,0,5.1
39,33369,19432,678,14.0,0.405,0,2.0
28,46167,12196,634,6.4,0.325,0,6.7
37,39146,18372,608,4.1,0.148,0,10.1
42,32715,7939,756,3.6,0.445,0,6.4
38,104492,42369,619,4.1,0.063,0,4.9
34,59077,29680,725,16.2,0.441,0,5.8
43,61633,33482,705,7.1,0.293,0,9.9
35,69798,22640,735,5.8,0.329,0,5.4
34,66730,19010,649,9.3,0.347,0,5.5
43,41554,9421,633,4.3,0.151,0,8.3
36,54667,9114,703,13.5,0.233,0,4.3
42,44019,12434,662,7.5,0.182,1,3.5
43,58418,31312,606,4.0,0.092,1,2.0
29,56200,17389,796,3.4,0.08,1,6.0
35,42064,10880,633,0.9,0.102,1,4.3
54,28804,13526,620,10.1,0.224,1,10.8
28,51974,10800,665,1.3,0.324,0,5.5
19,45175,10306,755,0.8,0.246,0,0.8
21,23014,13071,550,2.5,0.479,0,3.4
40,60058,8456,750,2.7,0.402,2,1.8
40,72124,22165,625,17.7,0.419,0,2.9
39,134772,52342,696,9.6,0.123,0,17.2
52,41920,9018,639,5.7,0.552,0,4.4
18,39518,9504,800,0.0,0.39,0,0.0
44,31452,6634,687,4.9,0.107,0,5.9
56,53287,14526,638,3.5,0.191,0,1.9
29,53153,29194,662,6.1,0.471,0,3.7
36,35436,11190,685,10.6,0.065,0,3.3
32,45708,14120,691,1.6,0.379,0,9.6
31,22215,6516,706,2.7,0.293,0,3.7
37,71008,41331,680,2.1,0.38,1,15.3
54,36016,5714,597,1.8,0.365,0,8.4
58,48346,25910,660,4.5,0.06,0,2.6
37,27704,7302,716,1.8,0.513,1,1.0
59,38834,22456,640,0.8,0.312,0,6.8
40,43834,11292,720,2.7,0.424,0,8.1
58,48800,6902,682,2.5,0.077,0,5.0
39,59391,21382,667,7.2,0.214,1,6.6
41,87171,18649,752,9.9,0.122,0,2.3
44,65715,31313,576,3.0,0.583,0,5.2
72,72032,30877,639,2.7,0.492,0,10.8
49,87417,38746,754,17.1,0.152,0,17.5
33,61567,12113,790,9.7,0.355,0,6.1
50,48306,21946,817,6.6,0.073,1,7.7
36,73397,18765,683,3.9,0.154,0,11.0
35,75298,45129,707,9.5,0.463,0,6.9
49,63540,29602,729,1.9,0.046,0,8.0
40,27396,10827,757,9.8,0.256,0,14.4
43,35011,18680,699,7.5,0.262,1,7.8
40,43917,17332,736,8.5,0.526,0,5.1
43,66960,25202,708,5.7,0.181,0,14.3
44,48604,10628,711,1.4,0.704,0,7.3
21,77246,33915,625,2.0,0.235,0,2.6
47,82958,23836,660,7.8,0.116,1,5.5
30,79195,9625,649,7.2,0.011,0,12.2
26,79397,40336,609,3.3,0.367,1,7.6
39,32377,4077,581,3.3,0.24,0,4.4
41,59460,25933,655,11.7,0.062,1,12.4
33,38445,6857,664,5.2,0.334,2,5.4
48,25346,8017,686,2.5,0.199,0,3.8
27,43696,23139,713,8.6,0.352,0,8.6
36,83274,12259,691,12.2,0.15,0,2.9
34,58941,25555,665,5.1,0.251,1,3.9
40,109878,44644,625,6.0,0.269,0,6.8
43,52622,28088,733,9.7,0.253,0,7.6
30,130499,24321,674,8.2,0.348,0,10.0
47,52628,26309,654,1.4,0.27,0,3.3
41,49464,16079,669,13.4,0.306,0,6.9
21,29385,9236,636,1.1,0.179,0,1.2
20,76437,21471,648,2.4,0.116,0,1.5
40,40101,11741,646,1.7,0.089,0,4.0
38,37842,13622,663,8.2,0.455,0,10.0
39,81838,12554,719,2.8,0.128,2,8.6
40,77908,24349,704,3.0,0.103,0,5.4
42,77097,32843,773,9.3,0.878,1,1.8
49,42409,14805,753,1.7,0.316,1,7.5
29,48031,8786,797,3.3,0.596,0,10.9
28,47861,13474,714,1.8,0.241,0,6.3
29,67037,21551,713,5.7,0.054,0,2.9
43,91256,39645,651,1.7,0.023,2,6.0
52,56798,31261,730,6.7,0.5,0,2.0
36,108008,40523,641,12.1,0.094,0,4.4
18,70184,30754,592,0.0,0.177,1,0.0
23,44626,6185,772,2.8,0.205,0,5.0
32,68288,39418,605,1.9,0.438,0,5.2
34,96991,24985,706,1.4,0.294,0,2.5
36,109023,30215,627,6.6,0.153,1,9.9
40,78807,16661,748,6.0,0.136,1,7.3
37,49527,7049,756,13.3,0.048,1,5.9
50,44951,22252,712,8.6,0.577,0,6.6
33,61724,13594,755,5.4,0.241,0,5.3
31,95759,23111,680,6.4,0.024,0,6.3
45,58309,11131,814,3.3,0.369,1,7.0
25,58795,34539,725,6.5,0.23,0,6.6
44,50039,24545,626,1.1,0.671,0,6.6
41,42995,24290,684,4.6,0.413,0,3.6
39,45943,24389,671,7.3,0.14,0,17.0
56,51750,28625,665,4.4,0.347,0,6.1
34,97464,33091,581,2.9,0.153,1,1.7
61,44539,8252,703,5.5,0.412,1,5.5
38,50063,13189,597,2.5,0.341,0,5.7
27,34678,8539,528,4.2,0.123,0,3.8
41,65294,29942,659,9.2,0.506,0,3.1
29,84683,9555,635,9.7,0.246,0,7.0
32,93882,16056,628,6.1,0.108,1,6.9
44,53175,23474,494,2.1,0.18,1,2.8
46,61682,9975,629,3.9,0.04,0,7.0
34,46101,5723,670,5.6,0.313,0,8.1
50,60549,9361,642,2.8,0.145,1,2.6
52,55580,24752,703,15.8,0.204,1,5.4
54,50177,8513,764,2.8,0.143,0,16.8
45,51798,8969,711,5.3,0.347,0,9.2
54,58734,12637,742,10.1,0.116,0,9.2
21,43579,20720,747,3.2,0.257,0,3.2
37,44489,8906,619,2.1,0.675,0,12.1
31,97046,11421,706,1.2,0.345,0,1.0
41,144961,80153,740,6.1,0.156,0,3.9
34,30280,16296,654,16.3,0.125,0,1.9
38,29620,5699,633,1.4,0.211,0,5.3
59,33428,7778,712,4.0,0.474,0,4.5
38,47037,9138,591,6.5,0.451,0,4.9
44,70144,32250,615,5.5,0.731,0,9.6
38,62100,13973,640,7.2,0.162,0,4.0
41,52513,29708,707,12.8,0.117,1,17.3
40,60571,31123,693,10.2,0.319,0,1.5
44,37167,14651,742,3.9,0.089,0,12.8
52,44460,4645,625,1.3,0.45,0,2.2
56,48628,26349,621,10.8,0.514,0,9.4
43,26012,12066,711,4.0,0.204,0,9.1
46,30806,15217,632,5.5,0.225,0,5.4
28,31300,4254,644,9.5,0.266,0,10.0
39,66546,30230,569,10.5,0.279,0,3.7
49,54076,27162,697,9.1,0.377,0,3.3
49,62594,36199,772,15.2,0.129,0,9.5
42,23485,9165,618,5.0,0.435,0,4.6
49,27081,9587,741,3.0,0.525,1,16.2
45,63914,19986,676,2.3,0.209,0,9.5
52,16132,7270,574,3.1,0.309,0,7.8
43,80006,44836,626,3.3,0.299,0,4.8
36,23639,9453,623,6.1,0.588,0,2.8
43,68689,14675,661,7.8,0.328,0,11.5
18,34357,3738,705,0.0,0.059,0,0.0
44,74575,30543,791,9.5,0.713,0,4.0
18,176887,94157,594,0.0,0.187,0,0.0
23,19746,2626,651,4.8,0.128,0,4.8
45,64741,19344,626,3.5,0.303,0,6.4
45,23783,13557,604,12.4,0.293,0,10.4
28,58146,20400,686,4.9,0.113,1,5.4
33,45129,9492,680,2.7,0.14,0,14.9
54,51633,14293,571,2.0,0.435,0,8.5
35,34041,10351,681,5.8,0.429,0,16.5
62,66984,10627,608,3.6,0.071,0,2.5
40,27465,11821,681,1.5,0.068,0,7.1
44,80552,31905,756,1.1,0.402,1,14.3
56,41618,17640,708,6.4,0.159,0,2.7
41,27971,11339,691,1.3,0.114,0,10.9
30,92779,10051,648,0.4,0.347,0,1.9
39,47718,8934,684,10.3,0.203,0,15.3
40,105141,19218,714,2.2,0.174,1,2.8
26,79901,11903,708,7.2,0.218,0,2.6
37,35623,16662,674,5.7,0.262,0,3.0
33,47382,7584,693,2.9,0.175,0,10.0
49,51453,22335,601,13.4,0.263,0,5.3
40,90266,17078,636,8.0,0.455,0,6.1
37,58396,9294,722,4.7,0.641,0,3.7
39,52602,9535,731,2.4,0.358,0,6.5
42,45254,16029,686,7.6,0.33,0,14.0
46,48039,20308,769,8.4,0.309,0,2.7
30,82606,41796,710,5.3,0.419,0,12.0
30,49094,8065,666,4.8,0.356,1,5.7
51,41856,17081,607,8.0,0.121,0,3.5
36,39112,19045,766,4.6,0.491,2,2.6
26,39281,10064,726,2.6,0.139,2,7.8
44,27978,3913,788,1.4,0.203,0,7.4
45,36310,6462,810,4.7,0.462,0,2.9
25,89265,13013,603,1.3,0.516,0,6.7
42,45133,24534,603,8.5,0.283,1,8.8
47,64975,18736,508,4.7,0.272,1,12.1
44,18188,6578,735,9.4,0.274,0,13.2
46,61533,29803,719,6.0,0.165,0,2.5
26,45957,13132,686,7.2,0.142,0,8.0
43,40434,17166,606,2.9,0.322,0,9.6
37,52701,7291,675,4.4,0.085,0,8.7
35,40202,13687,691,5.9,0.161,0,5.5
49,20962,3108,727,5.4,0.166,0,12.7
55,70891,15890,696,5.3,0.17,0,13.9
58,54025,13326,720,2.0,0.484,1,8.3
53,43236,19836,673,0.8,0.307,0,8.7
39,33307,14557,751,1.8,0.115,0,19.9
44,27230,12894,718,0.3,0.222,0,0.7
48,53614,7017,609,1.0,0.169,0,14.8
41,93468,55796,763,6.2,0.049,0,6.7
41,53171,6764,754,4.0,0.337,1,15.5
48,28195,14460,708,2.5,0.421,0,3.6
39,53640,25218,697,3.9,0.41,0,8.2
33,47986,18997,780,0.6,0.509,1,8.1
36,69260,22124,582,4.6,0.264,1,9.2
46,62486,29904,754,1.5,0.082,0,5.7
40,14849,6978,651,11.3,0.212,0,4.7
43,60968,10278,746,7.4,0.194,1,9.2
47,32814,16286,687,7.0,0.177,0,9.9
36,27759,3866,605,5.4,0.132,0,6.3
48,45461,15924,650,7.9,0.242,0,8.9
44,57779,24414,741,4.6,0.37,1,17.1
28,25431,12991,667,2.4,0.458,0,7.0
54,64980,21544,643,7.1,0.206,0,1.4
35,66525,14531,642,9.8,0.105,0,8.4
23,49951,17249,719,2.1,0.603,1,2.8
30,34646,7799,785,1.1,0.083,0,7.9
30,33132,12072,552,11.8,0.246,0,11.4
41,73893,24477,848,12.2,0.226,0,6.1
37,26783,13130,692,5.0,0.108,0,10.6
37,75041,16512,715,0.5,0.641,0,10.8
46,45886,9177,654,6.0,0.095,1,13.3
43,47177,15903,680,21.9,0.283,0,18.6
43,24755,3101,692,7.9,0.194,2,15.6
44,46227,9924,617,7.4,0.258,0,1.0
46,62657,17347,632,4.7,0.377,0,4.6
19,28722,9875,751,0.9,0.436,0,0.9
36,59841,14046,587,7.8,0.224,0,9.7
18,50798,19319,706,0.2,0.052,0,0.2
40,37892,20432,658,4.2,0.501,0,3.9
40,69001,25659,622,5.7,0.553,1,4.7
50,20315,4945,798,5.5,0.255,0,5.1
52,56313,7376,623,0.6,0.346,0,10.6
42,93693,15772,612,19.2,0.247,0,2.0
35,87202,33190,669,7.4,0.307,0,3.9
45,57292,25315,634,11.0,0.26,0,0.8
35,43448,5424,680,6.1,0.587,0,10.5
40,38013,7328,689,3.2,0.291,1,12.6
50,43427,11271,694,9.4,0.409,1,8.9
34,60933,15836,673,1.0,0.424,0,9.7
48,35493,20558,638,7.6,0.159,0,7.6
47,66368,13399,719,9.3,0.05,0,8.8
30,115066,15104,673,4.6,0.141,0,1.6
50,47822,13223,650,7.1,0.09,0,8.6
47,28631,4788,769,0.6,0.579,0,3.7
41,28627,4675,673,7.3,0.18,0,9.7
32,66878,20313,746,3.7,0.372,0,5.8
31,47863,12119,754,7.1,0.183,1,13.4
35,69615,10154,757,4.8,0.234,0,7.8
45,39598,15925,721,4.7,0.521,1,3.5
30,68340,23977,680,7.3,0.669,0,2.7
44,46013,6375,676,3.9,0.089,0,3.7
28,36571,19433,665,4.6,0.369,0,6.5
38,41756,10120,550,16.6,0.059,0,13.9
41,30369,17635,723,11.5,0.264,0,5.0
64,108634,61462,695,4.2,0.345,1,8.4
26,47167,14954,730,4.9,0.109,1,2.5
55,63437,13594,673,3.0,0.292,0,9.6
41,39547,20463,720,3.7,0.12,0,6.0
44,32184,9032,597,3.9,0.118,1,8.3
41,44643,8115,610,5.4,0.533,0,15.3
44,76151,28618,531,0.7,0.575,0,7.1
38,39803,13720,672,3.7,0.621,0,2.8
55,34606,18169,634,3.2,0.328,0,7.4
35,52166,24238,626,12.5,0.262,0,7.2
51,59851,32204,700,4.8,0.167,0,10.6
34,94574,44199,654,5.9,0.081,0,7.0
39,56472,23780,594,3.6,0.625,0,14.9
29,63424,22204,833,4.8,0.155,0,10.9
45,65363,38811,678,3.7,0.386,1,7.1
54,30909,17914,615,5.4,0.291,0,6.6
39,33345,17487,640,7.1,0.477,1,3.2
38,31775,15495,670,1.6,0.372,0,5.3
29,28772,11186,669,7.8,0.171,1,2.1
38,67385,15490,758,2.3,0.125,1,6.1
24,55051,29602,675,6.1,0.059,0,1.7
31,50605,5334,791,5.4,0.074,0,7.2
42,17377,3714,654,5.9,0.097,0,3.0
53,111546,33672,706,6.1,0.126,0,8.5
68,34279,13474,741,5.1,0.451,0,6.9
34,111382,42374,752,2.8,0.243,0,4.7
54,27455,5159,759,5.9,0.496,0,2.4
42,35420,5398,664,5.6,0.314,0,6.5
38,20310,4289,680,2.5,0.206,1,6.2
44,56661,15545,531,1.6,0.267,0,18.1
41,31555,3377,668,9.4,0.185,0,5.1
41,31914,14241,745,3.7,0.347,0,10.2
36,28311,6338,734,4.4,0.156,0,4.1
26,66899,18444,675,5.7,0.173,0,3.4
25,65159,17427,782,2.7,0.206,0,6.6
47,101196,36017,657,6.3,0.064,0,4.9
37,37262,19745,637,4.5,0.556,0,6.4
34,53505,9347,652,4.9,0.309,1,1.0
40,29268,7913,613,10.6,0.495,0,4.3
48,42872,19122,717,5.5,0.339,0,4.7
42,39833,4864,697,4.2,0.31,1,3.1
33,59029,30399,717,2.1,0.337,1,5.3
52,73630,42773,655,6.0,0.108,0,1.9
56,72870,29426,677,9.1,0.266,0,7.2
45,34992,20234,549,4.3,0.122,0,25.1
50,73086,22403,703,9.0,0.527,1,5.3
52,48164,14811,686,6.1,0.177,1,5.0
51,43052,6592,614,5.2,0.145,0,9.0
46,36923,4347,674,6.6,0.207,1,3.2
46,39184,8709,665,1.6,0.092,1,15.2
45,98413,33368,786,3.7,0.092,0,3.1
29,55435,19615,616,3.8,0.508,0,11.0
47,52567,10975,700,4.4,0.208,3,13.9
26,44139,17938,615,8.4,0.107,0,1.5
32,130404,24855,647,5.3,0.225,0,3.9
53,82620,21738,697,1.4,0.541,0,2.5
48,36738,7269,667,3.0,0.115,0,8.8
55,43939,19699,680,4.9,0.506,0,4.3
37,44995,16121,700,5.5,0.144,0,3.3
28,51966,24323,650,0.2,0.174,0,5.7
38,37031,4763,733,7.0,0.33,0,6.5
41,58427,18269,662,7.3,0.551,1,12.8
41,87626,51128,674,2.0,0.13,0,12.8
51,28985,3676,702,8.9,0.206,0,3.9
36,31218,9652,694,4.2,0.224,0,2.1
44,40406,4857,719,2.4,0.23,0,8.1
30,41162,7135,699,1.9,0.715,0,5.6
45,109031,36118,708,6.9,0.283,1,13.4
40,73180,13081,660,3.2,0.081,0,13.6
33,71520,25703,616,5.9,0.311,0,8.4
38,44102,24757,594,1.8,0.459,1,7.1
38,43716,8752,580,3.9,0.317,1,7.5
37,27428,4213,786,6.6,0.325,0,7.0
58,67017,34355,547,10.4,0.223,0,7.4
39,59660,19696,752,11.2,0.4,0,4.7
38,81994,44384,631,10.3,0.239,0,4.4
19,45056,11402,751,1.0,0.13,0,1.0
31,46318,19165,548,6.0,0.313,1,13.1
37,52471,29471,666,1.8,0.031,0,1.0
33,70036,13016,767,3.1,0.456,0,4.3
54,27226,13623,723,11.0,0.224,0,4.9
38,65803,27358,660,2.8,0.224,0,8.1
53,48621,24625,563,0.1,0.412,1,4.2
41,32098,5949,601,4.0,0.307,0,14.1
40,21294,6751,763,8.8,0.112,0,12.2
39,46417,7632,659,3.0,0.244,0,14.6
40,87473,50738,676,11.3,0.196,0,7.1
57,95786,12581,697,16.2,0.186,0,13.5
18,56509,7501,602,0.0,0.13,1,0.0
20,107452,59000,704,2.0,0.393,0,2.0
35,48186,12065,655,13.6,0.611,0,1.6
40,71777,28604,698,9.0,0.455,0,8.7
47,40925,9975,645,6.5,0.462,0,8.6
45,39901,16933,586,6.1,0.077,0,7.2
36,37384,7336,654,4.6,0.035,0,5.5
50,21500,7083,718,7.4,0.207,2,10.5
50,82030,30084,704,0.7,0.293,1,13.2
42,37924,10119,682,14.0,0.588,0,17.9
50,35576,8035,734,18.3,0.112,0,8.5
43,30577,5201,668,0.6,0.215,0,6.2
34,45173,20467,683,8.6,0.387,2,4.6
47,99250,18276,651,13.2,0.106,0,9.2
41,113268,27871,737,5.5,0.174,0,3.8
40,25227,6772,697,4.5,0.205,0,8.8
55,42541,13919,647,3.7,0.192,0,3.9
18,32411,14627,591,0.0,0.457,0,0.0
26,72790,22854,746,6.3,0.163,0,3.6
28,54975,29442,635,10.1,0.411,0,4.9
36,38001,16716,684,0.8,0.333,0,8.3
37,50465,26203,821,2.2,0.119,0,11.3
25,40499,18556,728,3.0,0.149,0,5.4
30,93498,16298,777,1.2,0.114,1,1.1
31,61009,35932,648,8.0,0.051,0,1.8
65,64083,31612,744,7.2,0.295,0,1.8
58,16869,6518,682,9.4,0.275,0,13.7
36,47729,8716,702,0.5,0.551,0,17.9
36,112790,21017,801,8.6,0.072,0,6.1
29,83321,33925,663,10.5,0.216,0,1.9
21,23416,7214,681,2.9,0.247,0,2.9
39,43245,18938,626,5.1,0.309,3,3.1
30,30315,8677,733,4.6,0.429,0,12.0
39,97192,34641,646,6.7,0.423,0,5.0
24,54053,10485,741,6.0,0.447,0,6.0
32,36058,6404,581,3.1,0.13,0,3.0
41,49695,6849,713,0.5,0.562,0,3.2
44,17276,8807,641,3.4,0.627,0,5.0
44,31762,11996,724,16.9,0.23,0,4.6
27,49741,28530,679,0.6,0.257,0,8.8
49,68753,32640,648,6.1,0.513,0,6.8
32,22550,10923,657,14.0,0.34,0,9.5
46,42089,14922,629,9.5,0.336,1,7.9
40,73414,37274,730,10.6,0.167,0,7.9
26,27431,15664,617,8.2,0.824,2,5.8
37,53727,24761,664,1.2,0.268,1,12.6
44,50332,7690,701,12.6,0.464,0,11.1
46,97319,41410,777,13.8,0.161,1,3.8
39,44710,7163,679,1.6,0.483,0,5.1
55,45769,6344,665,3.7,0.534,0,3.5
50,69008,30809,696,5.5,0.551,1,7.0
37,28838,14921,556,3.7,0.412,0,8.3
48,44875,8052,608,2.8,0.268,0,4.7
59,40852,5600,657,2.9,0.689,0,5.1
60,46371,25192,637,8.6,0.32,0,3.8
28,68828,11433,584,9.7,0.089,0,3.3
31,61185,7192,731,2.9,0.535,0,5.0
55,36335,16733,696,10.3,0.217,0,5.9
29,51776,27123,688,3.7,0.301,0,3.7
27,88981,31787,638,1.8,0.03,0,3.1
35,35153,13005,685,6.6,0.337,0,17.1
44,51952,13945,711,5.3,0.254,0,4.8
39,45376,9948,664,6.8,0.262,0,7.4
33,47801,22830,707,6.7,0.119,0,9.2
33,25533,13396,632,6.2,0.379,1,7.9
33,86190,22463,686,4.9,0.121,0,9.8
31,35963,8520,749,10.2,0.277,2,7.0
63,73897,17284,754,8.1,0.263,1,2.2
43,38233,4790,760,3.8,0.365,1,7.3
49,38170,9181,697,3.8,0.239,1,5.4
35,79638,8985,682,1.1,0.263,0,3.6
38,72952,36053,653,1.3,0.279,0,17.0
33,53288,12148,572,4.6,0.343,1,1.7
18,66467,29583,599,0.0,0.421,0,0.0
26,43677,16230,670,2.5,0.295,1,8.2
22,48857,25344,674,3.9,0.536,0,3.9
18,37622,21828,765,0.0,0.242,0,0.0
28,70377,19962,759,2.6,0.148,0,4.5
53,37147,5355,639,5.5,0.624,2,1.6
40,88793,42161,729,5.3,0.401,0,1.9
53,43203,4780,651,2.7,0.309,0,4.8
44,49425,10452,721,8.0,0.3,1,13.3
48,66403,8408,728,9.9,0.2,0,2.1
31,49491,27174,755,4.1,0.073,0,7.1
45,43514,4467,650,1.9,0.572,0,12.6
47,48436,16777,741,10.2,0.578,1,16.2
34,70089,21868,568,1.2,0.104,0,5.6
46,37604,16033,758,6.4,0.522,0,1.2
46,46607,11413,678,2.5,0.395,0,11.6
35,49223,26425,680,1.8,0.118,0,4.8
29,69275,32363,558,3.4,0.253,0,8.7
28,47102,14891,657,5.3,0.21,0,8.9
41,101045,28193,761,2.1,0.258,0,3.5
43,46045,23389,654,1.5,0.195,0,0.9
32,44575,21330,723,0.9,0.141,2,7.0
40,45779,13711,682,14.3,0.258,0,10.5
46,28951,7836,744,6.8,0.355,0,12.0
46,32380,3868,691,2.7,0.198,1,8.1
56,39646,5584,624,7.1,0.65,0,10.1
53,77214,9803,683,5.3,0.321,0,4.0
30,48376,5428,776,8.6,0.556,0,12.0
57,40382,7125,710,4.4,0.117,0,11.0
35,80067,42321,673,9.7,0.135,1,9.3
50,91169,45501,815,3.0,0.231,1,4.2
41,80996,42344,750,6.0,0.482,0,6.7
36,34848,14354,729,9.3,0.317,0,5.3
22,40211,16568,699,3.9,0.522,0,3.9
38,101265,16401,724,17.3,0.039,0,9.8
24,53985,24265,726,6.4,0.303,0,6.4
50,44044,10571,549,7.0,0.851,1,1.4
55,65339,23498,704,3.9,0.091,1,4.2
32,73344,42346,670,6.1,0.269,0,8.3
43,39004,20879,650,11.6,0.226,0,5.7
33,53518,11592,668,3.5,0.234,0,2.9
34,71013,33257,587,2.4,0.056,0,11.8
48,30819,4686,572,3.5,0.606,0,29.7
40,49263,5585,755,3.4,0.182,0,2.9
57,31390,3581,708,7.7,0.093,0,1.5
35,33076,6123,535,16.0,0.132,0,15.6
50,39135,17512,645,1.3,0.113,0,3.8
41,59329,16710,733,5.4,0.101,1,10.1
48,43096,4653,663,2.2,0.252,0,3.7
36,37821,22466,755,6.6,0.456,0,17.5
40,50042,18350,743,7.2,0.425,0,10.7
39,30984,9200,599,3.4,0.177,1,3.8
32,58193,20916,671,7.8,0.269,0,3.4
47,77077,27746,653,2.9,0.206,0,3.6
47,47492,15915,597,2.9,0.205,0,4.8
46,45204,18374,593,2.6,0.08,1,12.1
55,56919,30896,632,3.5,0.156,1,1.6
54,21777,5463,642,5.0,0.26,0,4.2
36,60762,20871,697,4.6,0.266,0,10.8
44,169525,17261,743,5.8,0.512,0,11.0
34,46673,24733,711,7.5,0.458,0,12.9
40,46740,11823,725,5.8,0.43,0,2.4
34,66002,15553,664,14.1,0.389,0,5.5
56,94668,56684,716,5.3,0.296,1,4.0
44,72402,28396,671,8.8,0.68,0,16.4
38,20697,3343,654,1.1,0.448,0,7.0
52,61412,14294,794,5.8,0.12,0,3.4
18,137142,37935,540,0.3,0.184,1,0.3
20,62880,37289,568,1.9,0.454,0,1.9
48,30889,9740,703,11.5,0.08,1,6.9
41,54871,11801,664,17.7,0.277,1,18.1
43,29370,11303,594,7.6,0.323,0,7.3
27,80268,24271,617,0.9,0.68,0,8.7
40,33445,4264,625,3.2,0.64,1,4.9
60,50498,26787,734,1.3,0.232,0,10.4
48,34783,3751,753,5.7,0.026,1,7.6
42,39396,21638,778,6.9,0.324,0,11.6
36,88828,44053,585,1.0,0.016,0,7.0
36,51092,7046,598,12.9,0.036,0,6.9
19,39196,18101,594,0.7,0.172,1,0.7
43,31005,15052,757,6.7,0.022,0,4.1
48,23186,9301,705,12.7,0.136,0,4.5
24,29717,11555,685,5.7,0.417,0,6.2
33,51266,6400,694,2.8,0.206,1,4.0
28,72555,9414,677,2.6,0.266,0,5.0
30,39178,18164,613,5.9,0.116,0,4.0
41,91878,14037,711,8.8,0.501,0,4.6
19,36791,8128,669,1.2,0.355,1,1.2
46,44569,15573,608,2.6,0.106,1,9.2
48,31830,5796,714,4.5,0.233,1,10.2
37,72861,36060,654,2.3,0.342,0,1.2
18,113437,57137,694,0.0,0.098,0,0.0
30,24228,12625,673,2.1,0.073,1,5.2
52,42682,5326,733,3.7,0.105,0,3.0
18,81301,25523,693,0.0,0.673,0,0.0
37,27480,14385,627,5.3,0.163,0,5.1
28,61493,17317,699,6.3,0.129,0,10.2
48,79905,35790,701,2.7,0.106,0,7.8
33,50579,19960,711,4.9,0.129,1,7.9
44,61090,16715,742,5.4,0.183,0,4.4
46,99147,23617,643,10.8,0.071,0,3.0
58,106870,45566,720,1.1,0.632,0,18.0
38,47821,7977,577,1.4,0.097,0,12.7
44,39618,21000,673,7.3,0.214,1,12.2
25,33928,13172,664,7.1,0.066,0,7.1
52,72460,11286,767,7.4,0.097,1,11.5
32,28319,12794,671,7.3,0.126,1,9.7
34,44310,13982,716,1.2,0.805,0,3.4
40,51076,10319,574,16.0,0.19,0,18.4
24,40087,23272,659,6.4,0.089,2,6.4
42,54826,25211,629,1.2,0.374,0,5.9
50,136736,54215,829,4.0,0.447,2,2.8
43,46694,24488,640,3.8,0.337,0,2.9
24,41185,15318,684,4.6,0.101,1,6.1
39,73580,23600,688,3.5,0.058,1,6.2
47,53951,10506,585,1.9,0.395,0,4.6
21,87180,15404,648,3.2,0.401,0,3.2
29,52359,16545,704,11.3,0.053,0,6.7
49,44384,14557,685,3.4,0.043,0,5.7
43,24017,11208,542,6.2,0.299,0,3.0
44,25645,8233,646,4.7,0.134,0,6.7
59,23523,9329,741,7.3,0.302,1,14.1
45,57053,29454,715,4.4,0.311,0,2.8
47,28427,16962,753,3.0,0.419,2,13.6
67,81002,21163,621,3.5,0.214,0,13.9
38,49617,27338,757,11.0,0.426,0,7.5
32,44459,22364,677,5.1,0.273,1,7.5
44,34977,4687,776,5.0,0.297,0,7.1
44,62875,16793,680,10.7,0.208,0,8.5
35,35532,7445,557,12.1,0.088,0,5.2
30,33052,14285,731,0.5,0.297,0,9.5
63,78853,29779,653,1.4,0.55,1,1.4
43,56492,19627,657,8.7,0.236,0,21.7
33,44624,21499,593,5.3,0.428,0,10.6
49,63359,16895,777,12.1,0.349,1,7.9
39,49196,14335,649,1.1,0.287,0,10.4
37,57137,30444,775,5.9,0.52,0,7.1
46,35357,20723,654,7.6,0.166,0,10.0
27,112214,54780,624,3.9,0.29,0,7.1
44,38877,8107,759,8.3,0.478,1,5.3
59,91346,14280,676,8.8,0.164,1,8.9
45,45454,9300,676,4.7,0.413,1,7.9
36,67700,21080,603,4.5,0.323,0,9.4
35,65755,14357,653,9.4,0.159,0,4.8
36,77555,42696,706,5.8,0.144,0,1.8
37,35023,15248,602,7.2,0.226,0,7.6
36,75377,23244,648,5.8,0.135,1,10.3
49,102598,24306,655,5.6,0.306,1,18.3
23,44202,12833,684,4.5,0.075,0,4.7
49,49706,16802,769,7.5,0.232,0,3.7
36,39760,18167,662,2.5,0.067,1,13.2
44,42677,6174,639,1.1,0.043,0,7.3
29,97204,50975,845,5.0,0.338,0,10.7
53,32804,5373,654,12.3,0.048,0,4.7
52,33629,7776,669,5.8,0.719,0,6.3
50,93373,55725,659,4.2,0.279,0,10.7
25,62933,12278,663,3.8,0.401,1,6.9
48,114479,17237,685,3.6,0.379,0,8.4
44,40938,17161,735,0.2,0.281,0,9.3
24,51561,15291,704,5.9,0.06,0,5.9
40,37636,5492,745,3.3,0.148,0,6.8
44,51913,5288,743,5.1,0.394,1,7.3
46,24110,3365,693,4.0,0.325,1,18.0
42,64472,23298,703,2.8,0.569,1,4.8
43,55792,12020,747,11.5,0.257,0,2.5
55,47905,23415,613,2.0,0.425,0,7.4
52,41934,22173,830,7.7,0.21,1,7.3
18,34272,5909,649,0.0,0.22,0,0.0
37,65584,17610,659,4.5,0.482,0,7.0
38,30686,5317,607,10.5,0.064,0,2.5
22,60160,14640,609,3.4,0.328,0,4.5
41,112396,24682,738,7.2,0.315,1,8.7
52,88806,43820,816,3.3,0.218,0,2.6
29,26848,7323,646,3.9,0.207,1,5.8
43,39549,13755,701,8.5,0.164,0,1.4
31,58022,25353,693,7.4,0.669,0,4.8
33,47662,24361,740,12.3,0.166,0,13.1
55,28008,7019,813,3.4,0.423,0,22.7
35,57190,11702,771,6.4,0.361,0,6.2
45,48825,28769,666,5.3,0.226,0,8.5
21,105422,27418,712,3.3,0.112,0,3.1
59,44299,19294,718,9.9,0.221,0,8.2
46,78214,34330,679,2.9,0.181,0,14.4
38,29530,10543,614,6.2,0.382,0,7.0
46,32494,6961,632,11.4,0.223,0,12.2
26,65425,11170,749,5.3,0.411,1,4.5
52,75621,25977,755,8.4,0.391,1,1.9
37,33424,11881,668,0.8,0.459,0,5.5
38,49495,24088,696,5.5,0.556,1,4.4
35,28208,12832,752,3.6,0.309,0,11.7
34,45593,25351,578,7.3,0.65,0,11.9
47,68512,40109,653,6.3,0.41,0,3.0
43,41193,19110,801,2.5,0.239,0,9.0
47,44373,6135,698,1.4,0.227,0,10.5
40,31197,9439,612,16.4,0.674,2,5.0
45,37822,15295,687,6.6,0.41,0,7.4
36,99037,39129,741,6.5,0.339,1,9.8
62,50472,9626,527,2.9,0.293,0,12.5
24,32829,12852,691,4.0,0.365,0,6.3
53,43221,11879,658,11.5,0.398,0,8.7
54,25875,6972,581,5.4,0.279,1,10.5
31,32674,16893,685,11.8,0.434,0,3.0
62,84469,26267,672,6.6,0.329,0,1.2
50,46305,16841,679,10.1,0.513,1,9.6
50,104432,39834,659,0.7,0.375,1,7.6
40,47186,18002,619,2.7,0.451,1,2.8
38,48320,9981,593,5.3,0.237,0,10.0
38,63345,25321,639,4.2,0.296,1,2.8
44,16831,4499,732,7.3,0.192,0,7.2
54,53209,22747,694,1.4,0.024,0,9.8
42,48070,8309,676,1.5,0.454,0,11.9
31,88824,53033,618,7.1,0.19,0,5.5
48,72105,35044,658,9.8,0.278,0,11.4
49,31149,9613,724,4.0,0.4,0,6.0
47,80568,20196,710,12.6,0.295,2,3.7
47,44138,12972,651,14.5,0.106,1,4.5
37,34140,15725,523,4.9,0.196,0,5.0
31,53042,22686,640,3.9,0.142,0,0.6
31,45202,20388,651,3.2,0.093,1,10.4
24,90707,49390,626,2.7,0.466,0,5.6
42,56176,18434,655,8.1,0.324,0,4.6
39,53224,23140,729,2.4,0.567,1,8.9
36,70281,22543,678,2.1,0.374,0,2.7
18,75898,31805,739,0.0,0.347,0,0.0
28,67067,22629,589,5.0,0.231,0,9.5
51,86490,42236,662,5.2,0.507,0,2.4
33,62534,6418,564,7.8,0.324,0,10.9
44,52421,10896,654,4.6,0.114,0,6.0
26,80472,19975,617,1.4,0.136,0,6.0
54,47270,27072,757,3.7,0.142,0,2.4
39,49677,17562,705,5.0,0.209,1,12.0
43,97600,27540,741,3.0,0.656,0,12.1
63,93786,28338,654,6.2,0.369,0,15.5
55,48861,15924,619,0.4,0.214,0,12.8
37,40887,21830,617,4.6,0.151,0,7.6
34,88016,51152,696,11.1,0.153,0,8.2
37,67519,35251,789,9.6,0.281,0,1.2
45,55616,28967,705,5.5,0.489,0,1.0
39,43099,8599,658,5.2,0.536,0,6.3
36,55976,13117,669,6.9,0.38,0,6.2
55,48597,19343,678,2.1,0.347,0,3.6
39,37581,16087,802,9.1,0.051,0,6.4
63,51618,10393,754,12.3,0.144,0,4.1
41,54512,25792,696,4.6,0.35,0,12.1
58,42186,8436,687,5.5,0.585,0,7.1
44,70371,16291,698,7.9,0.749,0,4.4
50,82087,20801,710,2.8,0.505,0,12.1
33,72255,37789,655,12.6,0.069,1,2.7
31,43893,20456,629,13.5,0.062,0,13.5
45,66325,24232,742,7.3,0.227,0,7.7
50,50574,25786,681,13.3,0.516,0,6.2
40,29903,15145,737,1.9,0.194,0,2.0
27,64157,18921,779,6.1,0.345,0,6.7
26,51972,25503,711,0.8,0.665,0,5.9
26,138333,28098,702,3.7,0.508,0,7.7
22,87808,30875,850,3.8,0.422,0,4.3
41,65151,10367,692,3.1,0.28,0,2.8
51,54158,16973,615,1.9,0.224,0,5.6
40,52339,18851,663,7.2,0.329,0,4.1
18,32811,4592,773,0.0,0.145,1,0.0
38,24450,8101,602,7.2,0.36,0,13.2
38,34578,14725,635,4.8,0.592,0,1.7
61,48094,19576,746,6.4,0.05,1,12.3
25,21116,2685,664,3.3,0.051,0,6.9
36,39430,5823,673,4.8,0.349,0,10.1
57,44398,12240,744,18.0,0.115,1,13.8
44,44974,23447,637,6.2,0.211,0,4.4
46,37621,20123,592,12.6,0.636,0,7.1
41,42762,10896,597,12.2,0.224,0,4.7
43,97690,44883,715,1.6,0.468,0,5.9
48,63886,24832,696,12.2,0.233,0,9.7
32,39178,23182,638,4.8,0.344,0,6.5
49,47699,7027,610,3.8,0.298,1,7.1
26,48469,18124,664,2.2,0.428,0,3.5
43,36056,14288,747,1.6,0.115,0,6.3
42,36039,9148,630,7.1,0.409,0,5.0
34,73439,9068,640,1.5,0.042,0,6.8
40,41443,5224,609,7.3,0.281,1,3.3
34,31638,10340,658,0.5,0.172,0,4.5
29,48182,21501,700,2.3,0.749,0,7.8
36,51390,23130,807,4.3,0.373,1,9.4
29,22268,4242,693,5.2,0.096,0,7.4
43,48228,25512,677,2.4,0.359,0,5.5
28,69369,20019,732,1.7,0.404,0,4.3
47,58717,34184,722,3.9,0.222,1,1.6
28,119601,19026,645,3.1,0.449,0,10.2
34,80858,41903,818,3.5,0.177,1,11.8
34,87516,48499,679,7.6,0.394,0,14.6
53,150247,76827,694,10.9,0.246,0,14.3
43,66387,33487,713,3.7,0.745,1,8.0
38,52325,14685,701,7.6,0.245,0,19.9
45,72366,33048,772,3.2,0.634,1,6.0
19,39195,15273,645,0.9,0.094,0,0.9
40,51178,15980,727,3.9,0.276,0,4.4
60,37832,22569,690,9.8,0.056,0,2.6
41,57480,14096,739,1.2,0.456,0,4.9
41,37769,11579,667,1.1,0.458,0,4.7
45,37243,20537,659,14.2,0.373,0,10.2
49,57837,14141,724,2.4,0.201,0,7.6
20,46394,8181,701,2.0,0.067,0,2.0
23,22674,5782,631,3.4,0.628,0,5.2
42,27386,13136,761,12.4,0.085,0,8.2
33,30980,16417,724,9.8,0.242,0,4.5
53,34434,5414,676,1.7,0.51,1,7.9
37,57859,23772,652,5.2,0.225,0,10.6
21,53507,20528,702,2.7,0.124,0,2.7
27,75065,32608,720,7.4,0.315,0,9.3
18,66245,28852,584,0.0,0.282,0,0.0
38,75264,43633,703,1.1,0.138,0,7.5
38,62527,17086,719,7.8,0.568,0,5.2
36,53310,13321,539,1.5,0.272,0,8.2
51,76095,29724,692,6.2,0.331,0,14.9
52,70811,22285,722,1.8,0.17,0,5.7
38,56979,19195,715,1.1,0.287,0,16.9
19,81506,10974,728,0.7,0.212,1,0.7
46,19181,3340,660,4.7,0.222,0,13.4
46,43644,24776,618,6.0,0.429,0,4.7
43,43377,5819,572,6.5,0.596,0,4.4
50,77736,30711,746,8.4,0.146,1,2.8
28,91909,43867,722,2.4,0.344,1,10.4
60,27445,2907,750,8.1,0.367,1,8.4
30,86204,18221,636,5.0,0.353,0,10.5
47,30682,8853,728,5.6,0.118,0,7.2
23,31055,10975,590,5.1,0.058,0,5.1
31,44636,12087,628,7.2,0.186,0,2.5
55,43162,18322,688,4.0,0.401,1,8.4
37,26282,5603,720,3.5,0.563,1,11.2
48,63573,7167,781,4.7,0.063,0,1.5
42,64329,6483,666,1.3,0.413,0,5.2
39,74728,20383,628,6.2,0.11,0,4.0
54,41217,11575,625,4.7,0.666,0,9.5
38,48251,27711,639,5.6,0.213,0,9.2
22,48428,5927,813,4.2,0.459,0,4.2
32,96298,35152,725,1.4,0.206,0,0.4
46,15777,6136,747,7.4,0.605,0,7.2
44,33430,15032,666,3.0,0.307,0,1.8
24,49130,20603,680,6.3,0.208,0,6.3
33,31754,3305,722,7.8,0.019,1,2.6
34,44208,18388,650,13.7,0.268,0,9.1
36,46610,12174,663,4.7,0.557,1,2.7
26,37682,18330,640,8.2,0.158,0,3.5
34,50301,9768,653,14.7,0.4,0,12.6
33,63023,28871,683,2.7,0.19,3,6.3
48,44600,18409,631,9.9,0.144,0,6.5
48,40893,17427,697,7.1,0.078,0,3.4
39,45876,8623,697,2.0,0.252,0,11.9
36,48875,21241,669,4.3,0.279,0,8.4
41,24437,11449,630,21.0,0.517,0,8.1
32,58960,20324,686,9.5,0.145,1,3.1
29,40929,11058,650,6.6,0.527,0,7.2
31,81195,14881,683,2.8,0.037,0,12.6
34,62095,15212,746,0.5,0.07,2,4.3
28,78278,37723,605,1.5,0.227,0,10.4
42,32715,9968,810,4.8,0.035,1,1.3
47,42254,19071,676,4.8,0.14,0,10.3
24,29822,14018,705,6.1,0.378,0,6.1
40,36972,16160,635,2.3,0.146,0,6.0
38,80890,35330,749,2.1,0.446,0,8.4
43,88876,36031,672,7.2,0.258,0,8.5
40,30969,11124,656,3.6,0.27,0,8.5
25,40810,8118,645,3.6,0.051,1,5.3
27,47549,24792,664,9.4,0.204,0,4.9
40,61960,36069,705,2.0,0.206,0,4.0
50,24248,8080,690,9.5,0.293,0,2.3
18,25817,14629,678,0.0,0.714,0,0.0
43,59626,35716,637,3.3,0.405,1,11.5
52,22480,7713,634,4.7,0.167,0,4.8
38,40998,18948,652,2.5,0.386,0,3.1
46,52304,22067,708,4.1,0.218,0,4.0
33,57888,12656,720,14.2,0.357,0,7.1
39,46319,5722,728,2.7,0.172,0,7.1
24,42349,13834,680,0.9,0.241,0,3.8
18,68722,33921,703,0.0,0.418,1,0.0
49,54945,14427,670,12.6,0.118,0,5.9
30,37843,18627,575,5.7,0.019,2,9.0
35,49766,21270,667,3.9,0.236,1,14.1
26,57140,25586,657,3.8,0.373,0,4.7
26,97470,23672,618,7.9,0.261,0,4.2
38,67140,22493,646,6.2,0.214,0,7.0
33,79684,15208,688,7.2,0.587,0,7.9
44,38398,8574,612,5.3,0.283,1,9.3
45,39748,5761,637,8.6,0.036,0,2.0
43,44616,7290,773,14.2,0.306,0,18.7
42,46285,9500,584,4.8,0.345,0,5.5
56,32754,12778,669,6.1,0.434,0,4.4
29,81338,26078,610,11.3,0.198,1,3.1
39,69797,16295,635,5.3,0.276,0,4.8
51,43379,23015,668,9.6,0.128,0,2.2
53,63366,22975,621,2.3,0.549,0,12.3
26,53592,30095,714,2.6,0.159,0,5.9
37,65377,27294,761,16.4,0.312,0,4.2
54,28632,3089,731,8.1,0.318,0,11.0
45,46246,25747,741,4.3,0.036,0,5.7
42,47896,25324,597,3.1,0.252,0,4.2
38,62910,26273,665,3.8,0.37,0,15.6
36,38125,14007,708,1.6,0.319,0,4.9
43,18034,5888,732,7.7,0.441,1,1.5
37,31803,10848,785,7.1,0.233,0,6.5
40,47838,23183,744,7.0,0.536,1,6.0
41,50290,17932,734,11.8,0.361,1,4.3
33,96134,18074,838,5.1,0.396,0,3.9
45,61889,7989,686,6.6,0.265,1,6.8
69,50646,8260,663,1.0,0.434,0,5.0
22,48390,10923,691,4.2,0.049,1,4.2
43,76242,21643,625,7.3,0.379,0,7.7
32,38714,21146,684,1.8,0.362,0,5.3
46,46346,10175,576,4.3,0.024,0,4.5
40,31707,8237,648,10.7,0.36,0,9.4
48,86471,18289,673,6.4,0.297,0,5.0
52,57354,21386,737,2.9,0.211,0,4.3
42,36938,15091,747,7.3,0.217,1,2.6
51,46827,17142,622,15.4,0.06,1,3.7
18,60106,34617,805,0.0,0.136,0,0.0
56,44343,26503,689,8.0,0.174,0,2.5
44,39585,20533,694,6.3,0.277,0,3.9
51,37733,18966,583,1.6,0.179,1,7.8
28,56139,15889,643,6.5,0.326,1,6.3
32,42480,16562,743,3.2,0.462,0,5.2
41,40884,11273,690,4.0,0.31,0,8.3
40,28726,14139,686,7.3,0.131,0,4.5
43,50567,9401,694,7.1,0.207,0,7.5
51,45593,9499,593,7.0,0.189,0,9.2
22,43103,5144,674,4.3,0.447,0,1.5
50,53077,21468,764,4.5,0.374,0,6.3
40,66118,29374,745,2.0,0.705,1,8.1
38,64902,6599,672,8.0,0.648,0,7.8
25,61150,21732,774,6.2,0.204,0,6.5
45,44522,12842,604,3.3,0.173,1,4.7
18,39074,19388,622,0.0,0.412,0,0.0
46,32287,3857,792,12.3,0.109,0,1.9
25,38667,4806,715,0.6,0.395,1,7.1
41,49408,20262,663,6.1,0.242,1,1.8
39,35792,14167,677,3.0,0.207,1,4.1
52,50941,26262,632,6.8,0.045,0,6.3
38,33317,13198,697,2.7,0.466,1,2.5
33,25225,14497,692,6.9,0.055,0,5.4
35,68034,17498,681,10.3,0.277,1,9.5
53,40548,12122,610,3.4,0.22,1,8.6
45,35073,20652,696,3.8,0.143,0,6.3
36,31649,4866,648,6.7,0.215,0,7.0
38,58059,28911,621,8.5,0.252,0,1.0
24,84962,8988,756,6.3,0.389,0,3.1
44,41721,14321,810,3.9,0.278,0,4.3
22,44971,7946,797,3.8,0.55,0,4.4
48,75256,30060,719,2.1,0.398,0,9.7
41,23761,11859,664,0.4,0.163,0,16.1
64,107662,12545,676,10.4,0.304,0,5.6
29,130306,23701,704,4.6,0.093,0,5.4
39,16605,4505,655,2.0,0.213,0,6.2
58,47146,10744,759,9.3,0.255,0,3.9
52,36769,10722,558,8.0,0.068,1,13.7
33,44095,25396,662,3.8,0.166,1,3.6
42,41467,6245,728,6.3,0.455,1,3.7
40,67826,21137,629,2.4,0.424,0,4.5
43,46862,15396,666,8.3,0.195,0,14.8
33,34052,8178,716,3.2,0.652,0,8.0
39,45758,10948,771,11.2,0.444,1,6.2
24,60229,27547,602,6.0,0.388,1,5.2
41,30531,12485,598,1.7,0.102,0,5.9
45,25375,12850,623,10.4,0.153,0,3.1
38,108782,32910,588,9.8,0.161,0,1.4
24,37912,15292,592,5.8,0.049,1,5.8
50,46400,25371,622,9.3,0.305,0,2.7
44,41810,21978,754,5.1,0.12,0,13.4
33,61037,34181,661,6.2,0.451,0,8.2
37,99620,23360,682,4.4,0.344,0,5.6
25,61819,36641,623,1.0,0.437,0,7.0
30,26706,13572,718,7.3,0.164,0,6.7
35,28180,14017,793,1.3,0.373,0,6.0
52,41790,18128,627,2.1,0.532,0,6.3
34,44034,26052,783,3.1,0.252,0,10.3
46,24618,7897,702,5.4,0.33,0,7.9
35,68032,32027,681,16.1,0.328,0,5.8
42,31744,14266,704,3.1,0.44,0,9.3
39,89083,41517,703,17.0,0.257,2,14.3
49,101545,48308,791,9.6,0.201,0,5.7
35,44387,8672,711,6.7,0.081,1,4.1
24,58430,16041,712,2.8,0.166,0,6.3
26,29948,8868,655,5.4,0.033,0,5.7
35,62911,29820,730,5.8,0.448,0,11.4
28,40164,18400,623,8.2,0.047,1,3.1
44,31733,16396,687,2.9,0.383,0,4.7
35,43663,21581,850,9.8,0.569,1,16.8
64,40689,16195,530,5.0,0.539,0,4.6
23,43042,7316,694,4.6,0.201,0,4.6
42,71673,29940,696,4.7,0.103,0,4.0
29,35806,19462,666,10.7,0.407,0,9.3
35,98126,41369,668,2.2,0.109,0,3.5
41,28853,15806,685,6.4,0.122,1,9.9
18,93543,56081,665,0.0,0.391,0,0.0
42,32643,9127,693,7.7,0.377,2,4.7
59,49001,22621,651,2.1,0.63,0,5.4
35,40293,14907,801,4.2,0.177,0,6.4
43,42724,13991,665,3.8,0.236,0,7.0
50,67545,14855,714,19.7,0.199,0,2.9
38,89316,19914,640,2.9,0.101,0,7.5
34,78922,15191,736,9.9,0.223,0,2.4
18,41692,17333,724,0.0,0.202,0,0.0
46,52770,9025,705,5.4,0.135,0,7.8
39,35853,11318,618,12.5,0.337,0,7.8
30,32971,11924,635,1.0,0.086,0,9.8
41,30992,9890,781,9.6,0.179,0,8.0
34,41150,21705,634,4.7,0.318,0,14.6
35,54168,17420,718,0.6,0.729,0,3.5
46,22817,3227,623,10.5,0.198,0,2.8
27,48120,28684,741,8.0,0.056,0,8.6
50,89896,46970,639,2.5,0.416,0,8.0
26,76785,33019,622,8.0,0.18,0,8.0
33,38790,18548,637,1.1,0.419,0,3.3
59,28036,4601,647,3.3,0.553,2,8.2
51,58920,28456,704,5.3,0.096,0,5.9
41,19400,3955,684,5.1,0.215,0,9.2
31,76425,26327,614,7.1,0.55,1,6.6
35,45007,8506,678,16.7,0.189,0,5.9
41,101979,48633,611,6.1,0.315,0,6.6
40,24568,5478,719,6.2,0.308,0,4.4
39,70775,16038,730,11.2,0.001,0,5.0
40,47089,7280,679,5.1,0.357,0,11.9
38,42941,19766,696,0.8,0.301,1,8.3
26,28341,7026,785,5.6,0.378,1,5.7
35,62212,22343,671,0.7,0.21,0,8.3
49,64245,17097,623,10.5,0.276,1,7.6
26,100113,48790,715,5.2,0.626,0,5.0
38,73366,15645,612,6.9,0.028,0,4.4
32,38655,22050,667,2.2,0.506,0,4.9
41,32809,8552,644,2.4,0.161,2,10.9
36,28356,4308,638,7.9,0.177,0,5.7
55,88370,19455,665,4.2,0.251,1,11.8
45,35909,4918,734,2.9,0.476,0,4.7
27,88618,29631,746,8.9,0.217,0,4.0
47,60478,13615,736,5.7,0.065,0,5.9
32,55936,30374,700,3.2,0.557,0,7.3
34,43358,15547,665,6.0,0.391,0,6.6
43,63849,13835,539,3.7,0.336,0,7.9
35,48718,15864,702,7.4,0.152,1,8.0
49,42290,8373,543,2.1,0.073,1,9.0
32,64757,12263,565,10.6,0.453,0,3.4
34,46277,11585,670,3.7,0.086,1,4.5
33,35620,5491,696,1.6,0.35,1,6.8
34,62313,12109,653,1.8,0.277,2,5.1
51,47782,27189,772,4.5,0.27,0,5.9
46,59609,25835,708,2.9,0.174,0,6.3
57,40882,22917,665,1.3,0.347,0,5.5
63,30223,6904,763,1.4,0.196,0,5.0
30,98128,51861,774,5.3,0.24,0,3.8
41,91003,25584,711,6.2,0.271,1,5.6
28,69809,12014,633,5.6,0.462,0,4.9
32,41977,21087,647,12.3,0.386,0,9.5
34,43472,5644,593,6.9,0.049,0,8.5
29,85215,25771,677,3.2,0.528,0,3.4
29,42551,21687,617,11.5,0.382,0,11.5
39,38062,15552,660,2.4,0.648,0,5.0
28,103662,37218,696,1.1,0.134,0,2.8
48,48095,13313,561,8.2,0.07,0,4.6
31,99446,13677,604,12.8,0.18,0,2.5
68,28019,16685,650,9.4,0.33,1,2.7
35,60311,11302,677,4.3,0.068,0,17.5
41,112244,25553,650,2.7,0.143,0,9.3
27,49608,10812,664,7.8,0.341,0,3.2
57,44108,24435,638,4.4,0.014,0,2.1
51,30727,14806,593,4.1,0.21,0,5.9
43,75579,24840,648,12.9,0.341,0,1.9
27,36024,20812,667,0.9,0.252,0,5.7
42,47197,5965,661,6.7,0.153,0,7.6
29,29918,16360,687,2.9,0.36,0,7.9
55,91378,11899,705,5.1,0.032,0,3.1
48,77804,22996,721,2.4,0.636,0,7.0
41,48405,6148,642,4.4,0.148,0,10.7
18,30895,18521,585,0.0,0.051,0,0.0
30,90614,50490,756,8.8,0.358,0,3.1
47,42346,16617,703,7.8,0.549,1,4.9
52,31506,6582,623,5.2,0.435,0,3.4
51,24225,5775,697,4.9,0.183,0,25.4
24,37859,12295,744,5.5,0.602,0,6.1
43,27396,7161,784,7.2,0.229,0,8.6
50,38211,4228,695,8.9,0.594,0,2.1
23,66023,28266,744,5.4,0.174,0,2.6
40,42186,17158,607,4.2,0.661,0,5.3
43,56516,31206,678,12.7,0.368,0,4.8
37,36705,12422,660,17.6,0.738,0,4.2
21,50315,13704,701,3.5,0.254,0,3.5
37,105700,37604,777,4.8,0.289,1,18.7
37,42642,8415,695,9.4,0.191,0,4.2
39,57169,23598,624,1.2,0.213,0,1.5
34,26207,12711,604,15.6,0.026,0,4.3
36,90043,15913,779,10.0,0.088,0,11.2
40,40502,10498,711,4.7,0.16,0,9.7
44,74624,39842,707,4.4,0.189,0,6.3
37,46664,16461,659,1.5,0.326,1,8.6
36,62607,22909,696,11.0,0.242,1,5.0
41,64113,29569,621,4.5,0.039,0,4.1
21,40906,15910,703,2.8,0.142,0,2.8
45,75869,10226,610,1.2,0.074,0,6.1
40,36185,18164,658,2.4,0.24,1,4.4
40,66915,37567,641,2.2,0.08,0,3.2
50,41937,5311,485,0.4,0.057,0,6.8
20,56377,9056,659,2.5,0.105,0,2.5
20,40750,18378,626,1.9,0.393,0,2.3
43,50011,20116,667,2.4,0.48,1,7.6
40,31892,9289,680,2.0,0.273,0,16.1
42,54123,20005,786,3.8,0.588,0,8.0
35,49895,22536,698,14.4,0.1,2,5.8
47,39495,13912,700,7.2,0.607,0,10.4
49,47954,8157,710,5.9,0.12,0,15.1
45,51720,7485,732,5.1,0.137,1,1.9
37,38310,12237,707,3.3,0.259,0,10.5
19,46560,26141,697,0.9,0.259,0,0.9
48,32787,12423,723,5.7,0.087,1,8.1
52,125278,34966,534,13.3,0.178,0,15.7
46,74880,41510,805,3.1,0.333,0,6.4
31,54679,16093,775,10.2,0.611,1,3.1
47,78342,27778,693,2.1,0.443,0,2.3
49,22210,3515,595,8.2,0.199,1,15.5
56,17622,8260,753,13.0,0.263,1,7.5
31,41785,18809,638,4.8,0.483,0,6.4
38,28242,14040,712,3.3,0.336,0,14.5
47,44594,11710,603,8.1,0.175,0,3.9
41,53224,16927,814,15.4,0.249,0,4.0
29,70839,13046,593,9.9,0.574,0,10.8
44,31092,18103,684,16.8,0.134,0,3.6
46,57518,8227,553,5.2,0.533,0,2.7
41,49304,20930,678,4.9,0.37,0,17.1
42,56331,25497,654,1.4,0.105,0,10.2
37,39819,7122,748,3.2,0.202,0,6.1
55,85242,24095,654,4.7,0.45,0,21.8
31,47033,5717,748,5.0,0.416,0,4.6
34,99675,37708,619,8.0,0.308,1,9.0
40,35734,21350,663,3.5,0.22,0,8.4
49,65982,20780,664,3.7,0.363,0,14.7
25,47865,28480,710,7.0,0.043,1,3.9
27,42998,7013,702,0.4,0.513,1,8.9
20,63128,18700,723,0.6,0.547,0,1.6
40,43492,23963,696,2.4,0.23,0,13.2
29,16902,9099,720,0.5,0.349,0,4.2
36,14398,3769,626,0.7,0.112,0,7.4
47,81550,35825,703,3.8,0.431,0,8.4
34,80186,43547,776,6.5,0.121,1,8.2
42,104291,50418,579,3.7,0.324,0,2.3
37,48678,20164,709,6.8,0.139,0,9.7
47,29230,5153,721,8.9,0.431,0,7.7
45,41447,5658,768,6.0,0.49,0,5.9
33,49245,20058,724,6.8,0.181,0,6.3
38,32767,11473,686,4.1,0.398,0,20.3
50,94791,20761,706,3.5,0.172,0,13.3
44,120067,29583,636,0.5,0.118,0,2.0
26,59356,17572,657,8.0,0.415,1,6.0
47,48808,16974,600,5.8,0.338,0,11.9
29,29203,8619,769,6.4,0.194,0,11.2
54,90996,26721,707,1.3,0.186,0,8.1
50,50540,7979,625,2.5,0.124,0,3.2
43,43666,23265,696,3.9,0.413,0,3.0
42,59425,24042,750,1.9,0.426,0,9.6
38,38782,6711,740,5.9,0.293,0,5.2
47,51987,16217,624,5.6,0.184,0,3.6
36,27529,8489,492,5.3,0.18,0,1.0
42,75723,30313,704,9.1,0.178,0,2.5
49,47016,19015,627,6.0,0.232,0,7.6
34,77926,32933,717,12.3,0.366,0,5.7
34,45231,20307,737,6.1,0.205,1,14.3
28,46422,7041,747,2.9,0.243,1,2.8
29,30184,7620,785,5.0,0.156,0,4.2
22,66430,7219,754,0.2,0.036,0,3.7
47,34533,11303,785,6.5,0.18,2,7.1
58,40353,12700,763,2.6,0.551,0,4.7
54,49041,22910,768,5.5,0.105,0,3.9
24,51456,9445,678,2.9,0.297,1,5.7
47,24774,10300,603,1.9,0.14,1,6.9
54,44698,11324,829,14.9,0.273,0,10.4
35,67379,19605,684,2.9,0.073,1,5.6
41,42136,19368,754,2.4,0.272,1,12.7
20,44806,6084,647,1.9,0.514,0,1.9
43,52311,14197,738,3.8,0.137,0,9.6
29,46612,13781,533,2.7,0.253,0,11.0
42,32461,14863,655,8.4,0.299,1,1.2
24,48313,9644,674,4.8,0.127,1,6.4
45,72957,41856,708,9.2,0.108,0,6.1
50,32194,19280,744,12.6,0.118,0,7.2
32,42201,21500,614,3.8,0.255,0,14.1
29,28208,7048,720,7.9,0.068,0,6.4
18,71436,30855,754,0.4,0.594,0,0.4
37,47243,6688,821,15.3,0.371,0,9.3
34,34889,18688,722,3.2,0.519,1,5.8
24,50864,18209,652,6.5,0.422,0,6.5
45,30290,5701,604,0.6,0.129,0,6.1
36,32422,8550,790,6.1,0.347,0,10.2
29,27336,13678,724,1.5,0.269,0,8.2
34,31994,17120,679,3.8,0.329,1,6.6
51,84367,30360,583,19.8,0.299,0,7.8
46,36562,12437,624,9.3,0.395,0,3.6
39,59071,28080,718,1.5,0.615,1,9.7
46,35083,18001,701,2.0,0.534,0,8.3
28,66424,32044,563,10.4,0.083,0,10.4
40,32519,9502,718,10.6,0.237,0,4.5
41,49796,20962,586,11.0,0.415,0,4.6
35,50068,26470,761,6.1,0.244,0,7.5
44,124383,21877,693,9.3,0.147,1,6.4
32,63081,18550,652,3.9,0.426,0,3.5
45,38671,4962,739,3.8,0.456,0,3.0
46,64474,19628,701,5.8,0.505,0,12.4
18,115297,56051,759,0.0,0.227,0,0.0
52,25544,5071,685,2.3,0.471,0,5.6
18,34997,12982,688,0.0,0.237,0,0.0
34,44589,5275,663,8.1,0.171,0,15.8
50,41488,22770,696,2.3,0.747,0,4.4
37,42912,21885,782,3.2,0.308,0,6.0
25,29095,10538,650,6.9,0.028,0,2.2
29,85955,38929,719,6.4,0.157,0,7.2
50,27749,4217,627,6.1,0.244,1,17.5
21,45248,23647,556,2.4,0.319,0,2.8
51,74483,34086,692,21.6,0.183,3,7.4
39,48432,7748,702,3.5,0.411,2,5.0
28,33132,19559,673,7.1,0.463,0,6.6
34,28582,3180,590,1.8,0.523,0,5.3
30,44712,18522,698,4.8,0.408,0,2.7
49,36214,6731,696,2.3,0.182,0,7.8
47,53215,24459,627,3.4,0.255,0,10.6
23,27985,3784,599,4.8,0.233,3,4.8
36,67861,9538,665,12.1,0.505,0,12.3
31,51340,17104,719,3.1,0.321,1,12.4
53,52888,31574,705,5.9,0.134,0,10.6
26,87241,20786,627,7.0,0.203,0,3.4
56,41146,16716,688,8.3,0.331,0,9.1
40,36668,13175,733,0.8,0.17,0,8.6
28,39375,20517,610,9.2,0.128,1,3.8
33,45387,11088,684,7.0,0.196,1,4.8
32,47269,17843,760,6.1,0.181,0,6.7
27,35162,20229,604,2.8,0.204,1,4.7
41,21824,5812,749,6.5,0.411,1,6.1
28,39169,12522,777,9.7,0.118,0,9.7
18,56609,30819,667,0.2,0.358,1,0.2
36,51767,13783,659,3.8,0.237,1,3.9
22,79207,22997,742,4.0,0.348,1,4.0
32,107172,27014,669,6.1,0.572,0,6.9
31,66419,33526,539,4.2,0.372,0,7.4
31,85221,48167,674,1.6,0.172,1,5.6
60,66617,27683,708,3.8,0.355,0,5.7
41,97145,40006,724,7.4,0.276,0,6.2
42,102780,30320,627,3.7,0.351,0,7.4
22,71716,7619,664,4.2,0.104,0,4.2
33,65027,12158,739,12.2,0.155,0,3.6
42,45157,7845,676,4.9,0.529,0,4.1
30,48217,7615,588,5.1,0.227,0,11.8
49,42824,18287,754,5.6,0.129,0,7.1
28,62850,10570,667,3.5,0.489,1,5.3
37,36749,5248,745,9.4,0.179,0,8.0
34,45413,13228,596,1.9,0.189,0,4.8
42,19109,4290,673,3.5,0.209,2,11.6
34,97659,16888,711,6.0,0.439,1,4.3
37,44883,7768,675,3.9,0.159,0,4.7
38,58820,13417,609,14.4,0.154,1,5.2
33,87826,32357,537,5.1,0.067,0,8.6
45,55277,26480,771,5.0,0.355,0,12.3
42,87355,45983,695,2.3,0.186,0,9.2
39,29831,14191,750,4.0,0.259,0,10.6
36,127893,52961,736,9.1,0.123,0,2.3
48,75724,41937,716,2.9,0.178,0,2.2
38,53299,19181,661,1.0,0.148,0,2.7
37,86685,36120,709,4.5,0.316,0,6.3
41,30716,9393,766,5.3,0.271,0,5.0
57,43676,11517,685,3.6,0.107,0,2.9
27,87352,23223,794,8.6,0.585,0,0.6
48,23229,4046,590,19.8,0.38,1,9.0
21,61340,30566,584,3.1,0.35,0,3.1
42,60650,7744,739,4.0,0.322,0,10.8
56,107763,47129,631,7.4,0.097,0,6.1
45,26025,13851,803,12.4,0.141,1,7.5
42,93326,32544,760,3.1,0.029,0,4.3
34,39191,5295,775,8.8,0.201,1,6.6
40,40995,12881,733,4.5,0.439,0,6.3
37,30067,8167,625,10.8,0.595,1,8.3
32,31725,18806,580,2.3,0.101,0,4.2
37,57608,25672,770,13.5,0.141,1,19.1
42,31416,14473,590,6.1,0.232,0,3.0
32,65915,23592,775,7.4,0.419,0,7.5
32,37602,17098,720,2.0,0.329,1,9.7
26,30176,13920,675,2.0,0.141,1,3.2
44,39691,5286,707,6.6,0.078,0,2.1
45,56088,11852,708,7.6,0.081,0,9.8
42,43873,4672,668,4.2,0.116,0,20.6
50,49696,17637,766,8.1,0.049,1,1.7
41,64763,34836,763,2.0,0.249,0,20.5
44,75582,30594,689,1.4,0.347,1,10.0
43,43302,15160,644,5.6,0.254,0,6.4
39,32283,18175,758,1.9,0.529,0,10.8
35,50536,9405,559,1.1,0.374,0,12.6
62,59175,8125,707,2.5,0.587,0,5.9
35,27329,15268,724,7.4,0.086,0,17.5
33,34329,18929,630,6.0,0.007,0,15.3
44,36766,16232,738,12.5,0.213,0,4.5
43,45111,10059,678,6.3,0.183,0,7.9
26,36156,21147,647,2.1,0.034,2,3.1
51,65044,31395,738,7.7,0.147,1,2.6
39,25795,11271,615,3.0,0.719,1,5.4
29,26059,5510,732,4.2,0.479,0,7.7
52,42892,15293,561,3.1,0.162,0,3.8
46,45695,23363,697,1.8,0.609,0,10.6
27,27396,14523,683,9.4,0.224,0,8.1
58,38457,14641,648,2.7,0.353,0,6.8
47,41755,15090,703,0.9,0.497,0,4.1
40,41885,18800,675,8.4,0.069,0,4.4
56,52091,18968,743,0.7,0.557,1,5.6
42,37623,11619,714,4.6,0.223,0,4.6
40,88533,12635,707,9.3,0.182,0,5.2
33,59592,9715,698,1.6,0.512,0,4.1
46,35495,17043,652,5.2,0.383,0,8.6
45,50909,5719,662,4.0,0.264,0,2.9
40,51514,6499,695,2.6,0.442,0,11.4
32,79689,44014,670,12.5,0.163,0,4.7
41,38555,17427,747,4.0,0.303,1,8.8
39,66632,6804,686,8.3,0.131,0,6.7
27,49848,12762,703,8.7,0.349,0,2.6
25,89021,42878,596,4.4,0.294,1,7.3
46,82154,25369,737,2.1,0.388,1,16.4
18,53039,17736,645,0.0,0.142,0,0.0
42,44138,14539,617,4.6,0.099,0,1.9
35,60033,12071,779,4.9,0.211,0,8.3
53,45607,21011,722,3.8,0.17,0,6.9
35,96002,14545,739,9.7,0.277,0,3.8
47,50584,17888,707,1.9,0.119,0,7.0
36,41679,7710,674,5.0,0.182,0,13.8
41,40788,5028,663,2.2,0.33,0,12.3
47,30176,5179,727,3.8,0.28,1,5.4
35,61244,32745,748,10.7,0.07,1,5.3
50,35313,6641,676,10.6,0.218,0,3.6
30,76059,18192,804,4.3,0.262,0,5.5
43,29226,4941,668,6.3,0.05,0,7.5
49,51580,24128,596,6.2,0.361,0,7.4
47,77660,25063,577,2.2,0.039,0,8.0
59,20725,11851,579,7.5,0.171,0,8.0
32,109898,47494,655,2.4,0.195,1,4.1
26,41352,15122,666,3.6,0.208,0,8.2
30,51867,22215,721,1.0,0.727,0,12.1
47,61610,7406,678,8.4,0.238,0,6.9
45,65542,37708,731,9.8,0.311,0,24.3
41,54696,31626,683,6.5,0.165,0,8.5
29,73054,17392,681,5.2,0.401,0,2.9
48,60333,24987,645,3.5,0.159,0,5.6
28,99146,19924,765,8.6,0.768,0,5.4
52,60411,22578,588,14.6,0.278,0,1.8
69,107565,52212,698,2.7,0.251,1,5.8
44,70293,40061,669,4.3,0.693,0,10.7
46,23806,6418,727,2.0,0.074,0,11.8
35,139308,62236,679,5.2,0.295,1,17.1
22,38959,17851,681,3.8,0.071,1,3.9
34,89163,18775,664,4.6,0.498,0,10.2
29,49549,20539,764,8.7,0.264,0,4.6
26,74939,32052,680,7.5,0.281,0,7.5
57,37220,17942,798,1.8,0.332,0,8.4
43,62963,37776,696,6.2,0.375,0,5.5
44,44299,5321,681,12.6,0.168,1,17.4
37,92189,18544,671,7.2,0.069,2,2.9
38,58423,10080,714,2.2,0.081,1,7.0
50,71280,12632,645,10.1,0.313,0,13.8
40,20627,6748,689,7.6,0.209,0,3.8
45,47371,25546,680,7.0,0.447,0,4.9
38,57770,18738,700,4.3,0.267,0,10.4
37,53608,23279,701,6.7,0.231,0,10.4
26,72003,20755,704,7.9,0.477,1,6.2
20,42346,11003,686,0.8,0.397,0,2.2
37,49987,25849,774,3.6,0.301,0,7.0
41,78629,33635,705,3.9,0.306,0,11.1
27,19703,5427,836,0.3,0.07,0,9.1
40,62053,34568,683,18.3,0.434,1,14.5
41,42892,14980,738,2.0,0.421,1,14.5
18,34033,6607,636,0.4,0.254,0,0.4
31,56085,19159,764,1.2,0.468,0,3.3
44,80096,35030,638,3.6,0.484,0,4.3
44,74284,21064,707,7.0,0.433,0,4.7
28,46442,24238,664,4.9,0.239,1,6.4
42,69584,25508,707,2.3,0.355,1,7.3
50,69371,23162,666,6.8,0.268,0,3.7
48,47337,25058,633,4.9,0.184,2,1.7
39,37152,12314,664,11.6,0.29,0,9.1
35,38021,11680,772,2.9,0.702,0,6.7
34,68538,10408,708,2.7,0.053,1,15.7
45,48201,13556,603,9.0,0.385,0,4.6
42,32258,9630,746,2.0,0.534,0,16.4
46,24986,4755,627,1.2,0.179,1,3.9
41,68373,26933,725,4.8,0.106,0,6.5
48,39391,6772,713,7.2,0.137,0,6.9
41,55947,11852,717,1.1,0.7,1,2.4
48,80490,30630,791,9.6,0.609,0,7.8
49,29040,6810,630,1.0,0.365,0,4.3
32,48144,20212,717,3.1,0.423,0,12.7
22,45785,20386,756,3.9,0.446,0,3.9
55,57062,14302,641,12.4,0.146,0,8.5
43,80472,11563,635,12.9,0.581,0,4.9
23,28803,9929,663,4.9,0.25,1,3.1
33,61569,9017,699,3.5,0.207,1,14.9
48,74058,26485,595,3.7,0.213,0,15.2
37,45499,21071,713,17.1,0.257,1,4.8
35,46398,19031,595,11.0,0.554,0,11.3
54,57953,18784,758,6.5,0.269,1,3.8
30,56271,32239,711,5.8,0.104,0,4.3
32,61879,9336,795,5.4,0.139,0,6.7
42,61360,33134,720,0.7,0.436,0,8.7
44,33097,16551,662,0.2,0.376,0,3.0
45,72846,22573,632,4.1,0.54,0,1.7
49,78176,13793,694,1.8,0.314,0,4.2
42,52809,9396,678,5.8,0.087,0,6.3
45,26966,15125,751,5.5,0.481,0,2.9
37,46822,10153,624,1.2,0.474,0,5.1
41,52985,28456,801,5.9,0.133,0,5.2
41,31013,10906,756,6.2,0.588,0,20.1
42,42444,14043,668,6.1,0.114,0,8.9
48,27896,11431,788,3.0,0.203,1,7.6
46,62500,12970,633,6.9,0.006,1,5.7
40,52385,16459,692,7.3,0.191,0,14.5
32,25379,14447,603,6.9,0.463,0,3.1
41,56420,12363,791,4.0,0.17,0,9.8
40,47925,26876,581,13.5,0.369,0,15.0
42,60269,35987,594,11.6,0.29,1,10.8
62,41914,5279,642,5.2,0.188,0,4.4
35,35575,13010,759,2.8,0.194,0,2.9
44,36014,6695,737,2.5,0.264,1,11.2
51,39527,16240,687,7.4,0.191,1,9.9
41,49391,29377,741,1.5,0.016,0,12.3
63,52010,28524,673,7.8,0.287,0,10.4
36,45420,25545,705,1.3,0.601,1,12.9
43,41385,8553,779,4.6,0.465,0,5.6
32,42593,15809,665,7.3,0.302,1,7.1
36,133665,29061,634,2.6,0.327,0,3.3
42,36016,19798,708,9.5,0.334,0,2.8
48,39215,7670,724,3.6,0.366,0,8.4
43,183055,32397,687,4.9,0.343,0,4.8
53,58012,6154,740,0.6,0.139,0,15.3
39,28226,5390,668,1.3,0.521,0,9.8
37,68670,13383,688,0.6,0.334,0,7.4
67,34064,4726,702,8.3,0.218,0,2.4
44,70518,37648,697,3.5,0.287,1,3.7
33,45054,22076,777,10.2,0.145,1,4.3
33,41113,9343,702,0.4,0.24,2,5.4
31,93308,45873,662,6.7,0.181,1,11.6
49,61486,19127,712,0.6,0.269,2,2.7
36,72345,35287,741,2.3,0.458,0,18.4
41,58336,15255,726,4.5,0.358,0,10.6
39,41037,15689,723,3.4,0.345,0,3.4
47,62601,18205,590,6.1,0.016,0,14.7
32,79514,15413,530,3.0,0.329,0,9.7
29,51735,20322,757,4.1,0.154,0,4.7
42,100776,47911,706,2.0,0.061,0,10.7
46,68885,32827,679,7.6,0.392,1,3.5
43,53359,14841,722,5.3,0.277,0,7.1
32,54209,19480,796,6.7,0.135,0,9.2
47,51787,24956,765,4.8,0.133,1,3.6
33,29718,3782,738,8.6,0.237,0,7.6
35,47286,6428,627,3.0,0.013,2,8.7
31,53556,15430,635,5.1,0.25,0,5.4
53,41505,8788,537,27.8,0.411,1,4.4
46,56110,16122,718,1.6,0.136,0,7.3
46,49440,7262,747,10.6,0.355,1,5.9
52,66801,26454,751,20.0,0.56,0,16.0
68,63911,27857,721,7.1,0.262,0,9.3
23,52410,25991,671,0.2,0.492,0,4.9
33,28371,12065,646,1.7,0.211,0,6.8
34,100337,29920,630,6.1,0.124,0,4.6
31,46316,26283,670,4.8,0.21,0,12.7
29,47460,21982,621,11.2,0.202,3,9.8
37,42744,15552,785,14.2,0.277,0,16.6
28,40321,8202,602,4.5,0.218,0,7.6
43,90910,38590,668,4.8,0.451,2,6.1
41,85342,33783,564,3.2,0.444,0,7.8
45,58557,25863,698,6.9,0.247,1,16.2
45,46958,23036,680,2.2,0.218,2,5.3
46,62796,35010,659,4.4,0.102,0,4.9
36,50489,29008,624,2.4,0.569,2,5.7
61,45429,18857,680,5.8,0.103,1,4.5
42,56120,32717,647,10.1,0.547,2,8.1
21,41091,22835,672,1.3,0.287,1,3.4
30,54225,5493,797,4.2,0.099,1,12.0
23,53193,22278,690,4.6,0.338,0,3.3
40,62391,11807,712,14.9,0.16,1,10.0
39,38267,9475,652,3.2,0.503,0,13.1
35,65124,16200,633,2.5,0.064,0,3.2
60,34114,11652,679,0.1,0.471,0,9.1
45,38987,4110,830,10.9,0.343,0,11.8
47,39673,8645,663,10.4,0.109,0,2.3
31,31926,3657,702,5.3,0.047,0,4.0
30,73590,31296,630,12.0,0.214,0,12.0
40,33269,18120,515,4.8,0.221,0,12.7
42,37065,22198,633,11.1,0.428,0,6.6
21,80997,26265,823,3.4,0.052,0,3.4
38,39018,8977,716,4.0,0.028,0,9.7
40,45467,23941,778,6.1,0.717,0,11.5
38,32702,5120,659,2.4,0.37,0,7.4
32,68404,40161,539,9.1,0.555,0,11.5
35,68782,31462,613,5.5,0.408,1,1.7
38,65879,23187,704,0.8,0.111,0,6.1
41,60780,9015,694,11.3,0.315,1,9.6
46,50485,5508,679,2.2,0.528,0,8.4
51,39745,14796,648,2.4,0.531,0,14.9
37,35384,10860,736,4.0,0.075,1,4.0
35,82122,42813,650,7.0,0.339,0,3.8
44,66564,28034,698,6.4,0.189,0,15.9
46,37148,11737,692,13.9,0.027,0,2.5
36,49808,10609,658,6.1,0.343,2,10.6
48,43476,14791,627,1.2,0.147,0,10.0
50,31217,5666,654,1.9,0.668,0,5.1
53,52631,22816,792,1.1,0.243,0,15.6
58,41515,16725,747,1.1,0.36,0,6.8
31,33489,16913,741,3.6,0.334,0,7.2
40,27129,8810,633,10.8,0.083,0,4.1
40,26225,6276,594,5.4,0.358,0,4.4
39,42253,21895,746,7.2,0.507,1,3.7
34,47380,21108,734,9.0,0.394,0,9.2
25,34540,15659,688,7.1,0.094,0,7.1
41,63595,23151,658,2.6,0.407,0,1.6
32,47752,25690,592,10.2,0.365,0,12.3
41,61744,13207,732,9.3,0.242,0,6.4
32,45562,13707,751,3.5,0.166,0,2.5
29,35780,17823,639,2.5,0.496,1,11.0
42,51310,8542,634,4.3,0.139,2,5.6
42,29582,14911,754,13.7,0.641,0,5.6
46,60826,16806,641,11.2,0.379,0,6.6
62,33696,5484,787,3.5,0.049,0,11.7
43,70777,9879,673,10.5,0.367,0,5.1
45,42814,22328,657,8.1,0.289,0,13.6
29,74983,36690,683,7.1,0.259,0,3.7
27,31287,7635,657,9.1,0.23,0,5.4
56,37380,5913,748,6.3,0.514,0,1.3
31,57089,12766,733,5.2,0.185,0,5.7
30,78292,16167,745,0.6,0.236,1,2.8
40,95477,44543,691,8.9,0.492,0,3.2
39,49839,10356,653,2.3,0.334,1,2.9
31,102242,21271,679,2.0,0.255,0,6.8
37,43658,5070,654,5.3,0.325,0,6.7
52,76077,30312,768,1.9,0.117,0,10.4
32,33628,14948,740,6.7,0.155,0,5.5
26,57993,24748,675,5.9,0.326,1,8.1
49,19213,7383,624,5.5,0.078,0,7.3
45,31300,18249,772,4.3,0.553,0,4.8
34,59081,19873,688,8.7,0.065,1,11.9
24,28999,15372,672,6.2,0.16,0,4.3
33,58150,24598,773,6.6,0.242,0,2.2
39,70445,10009,649,2.5,0.245,1,1.4
52,40114,20259,661,4.7,0.179,0,4.9
30,33270,13048,666,2.5,0.537,1,6.1
39,40551,17306,601,4.6,0.418,0,6.1
47,33312,6333,699,2.8,0.035,1,1.3
18,47076,15005,634,0.0,0.494,0,0.0
50,51064,27589,646,4.7,0.287,0,5.5
28,43373,9009,638,4.5,0.305,0,10.1
43,95774,9583,645,8.9,0.592,0,6.8
42,36763,8410,630,7.4,0.192,0,9.1
51,85526,29401,695,1.5,0.65,0,2.6
46,32322,16505,671,4.2,0.429,0,10.1
18,50469,21280,683,0.0,0.38,0,0.0
32,78688,44028,821,2.7,0.426,0,4.4
41,77076,25264,671,5.9,0.053,0,14.8
38,41436,12240,716,3.0,0.349,0,20.1
45,61208,13203,723,4.9,0.251,0,4.4
48,58016,12127,676,2.3,0.469,0,10.5
46,39499,18488,696,4.5,0.404,0,6.5
38,62717,8792,681,7.5,0.288,0,8.9
22,103259,22857,692,3.5,0.453,1,3.5
35,59200,32143,645,5.0,0.052,1,10.3
44,61485,23884,650,17.6,0.332,0,1.6
29,64142,7908,681,6.3,0.375,0,8.7
46,27326,12355,562,8.4,0.212,0,7.8
49,58929,20822,770,11.6,0.009,1,6.9
41,32640,17210,810,2.8,0.602,0,12.8
18,38717,17083,690,0.0,0.016,0,0.0
27,116399,11899,720,5.8,0.23,0,9.2
59,44298,8987,745,7.7,0.185,0,4.1
35,36459,8348,601,9.8,0.422,0,4.9
20,77733,35067,736,2.2,0.072,0,2.2
52,33555,11900,654,17.2,0.517,0,6.9
40,40988,19417,817,5.2,0.226,0,10.1
51,80791,28797,669,3.8,0.168,1,6.5
43,49867,13149,734,0.4,0.459,0,11.1
45,26248,3985,669,11.1,0.388,0,5.3
44,60937,12267,812,9.3,0.196,0,2.3
47,41832,12566,649,4.3,0.108,0,7.5
63,90757,34100,750,0.8,0.305,0,5.8
50,38466,21899,718,5.3,0.287,0,14.6
24,74644,16411,704,1.4,0.228,0,3.5
44,99736,43190,694,10.3,0.343,1,8.3
51,34878,6148,640,4.2,0.581,0,6.5
52,45375,20731,525,2.2,0.265,0,2.5
36,57265,6051,744,6.0,0.077,0,1.9
52,34789,14888,651,6.7,0.202,1,2.0
49,54618,9919,750,7.2,0.316,1,10.1
66,44803,8520,701,2.3,0.075,0,6.4
32,44443,16864,752,9.7,0.107,1,9.0
35,49990,14382,728,4.2,0.395,0,9.2
37,50438,16930,532,0.6,0.384,3,1.4
35,52342,13318,717,4.6,0.62,0,16.0
31,38579,22250,659,4.6,0.143,0,11.5
18,39259,9631,750,0.0,0.341,0,0.0
36,46750,17345,715,6.1,0.215,0,8.6
44,48151,25384,716,14.8,0.535,1,3.0
35,41129,17771,664,4.7,0.557,1,2.7
59,55803,14586,625,5.2,0.206,0,5.9
40,23721,8924,654,3.2,0.028,0,4.3
53,36600,5179,572,4.7,0.162,0,6.7
43,43828,16341,645,7.3,0.468,0,4.9
48,34806,10988,592,7.5,0.252,0,11.0
43,94059,45051,594,12.2,0.278,0,8.5
54,49392,25879,687,0.8,0.344,0,4.4
41,52612,10512,712,9.0,0.335,0,9.3
45,40405,5688,678,8.1,0.526,0,3.1
44,48712,14384,650,1.2,0.322,0,6.3
37,30149,11067,623,12.0,0.268,2,11.1
44,45802,13209,661,1.4,0.269,0,1.6
62,33698,13960,631,7.5,0.049,0,13.1
37,43872,15479,676,0.6,0.185,0,5.1
44,17607,10006,589,2.2,0.269,0,11.2
53,31220,9512,722,7.6,0.212,0,5.1
51,88042,12436,646,7.9,0.021,0,2.2
40,68334,17150,703,4.4,0.514,0,4.6
18,83085,33479,733,0.0,0.226,0,0.0
45,85399,19472,700,7.5,0.159,0,7.2
18,64164,15046,728,0.0,0.157,0,0.0
55,40899,11034,556,4.5,0.137,0,5.2
42,32374,15315,650,1.9,0.414,0,3.9
50,77552,44210,746,1.9,0.129,0,11.0
31,50303,13843,711,3.8,0.334,0,6.4
24,132934,26287,791,2.3,0.578,0,6.5
43,42360,13145,782,2.1,0.153,0,8.2
40,107921,29778,698,1.0,0.349,0,1.6
35,46041,27395,665,4.0,0.626,1,9.5
41,83652,27767,622,0.9,0.333,1,3.1
68,96633,42484,651,3.9,0.558,1,1.9
48,32559,18132,656,0.7,0.234,1,4.7
50,40376,16737,644,3.6,0.345,0,5.8
48,32429,7286,625,7.3,0.372,0,13.9
55,29972,12100,704,2.2,0.203,0,9.8
38,64012,19264,782,6.1,0.419,0,1.8
19,45313,14100,736,1.5,0.461,1,1.5
38,50058,29518,661,2.8,0.055,0,6.3
48,61236,14654,741,0.9,0.452,1,3.5
30,23320,7800,701,9.0,0.149,2,9.2
38,82019,14758,678,2.8,0.625,0,13.9
33,42632,8069,674,14.0,0.599,0,6.7
55,60655,24368,668,8.7,0.082,1,5.1
47,62836,29879,719,7.7,0.053,0,6.9
47,84823,35475,688,1.4,0.087,0,7.8
46,47007,12440,636,7.7,0.246,0,18.2
40,20964,2721,633,10.7,0.112,0,4.1
42,50154,16808,698,5.2,0.177,0,4.2
28,53119,18705,706,6.2,0.349,0,10.1
18,32412,15731,661,0.1,0.176,1,0.1
42,52000,21847,612,11.5,0.12,0,1.5
43,42429,22726,755,6.6,0.442,0,14.0
52,28650,14081,742,7.2,0.21,0,13.5
56,64125,18144,561,6.0,0.359,0,2.8
56,39125,16280,760,14.2,0.242,0,6.7
30,41666,19735,667,5.3,0.351,0,1.9
36,40740,23566,691,7.2,0.046,0,10.3
45,80354,25004,748,12.0,0.582,0,10.0
65,48225,20454,779,3.4,0.155,0,0.9
55,50597,14993,740,16.0,0.248,0,6.4
51,41099,19272,694,3.2,0.255,1,11.7
36,58991,32799,597,2.2,0.06,0,2.0
31,84097,47062,558,7.3,0.386,0,7.4
48,63522,11341,733,3.0,0.303,1,1.5
29,64521,13036,761,11.0,0.391,0,3.4
38,62473,29829,631,19.4,0.543,0,1.9
39,28223,11727,664,2.3,0.022,0,15.1
56,34529,19079,647,2.1,0.221,0,11.5
36,45162,11602,645,2.0,0.36,0,1.6
18,36668,19214,744,0.0,0.068,1,0.0
45,32022,14150,693,3.0,0.004,1,1.6
33,23182,4584,666,10.3,0.552,0,9.5
40,28606,4670,839,7.6,0.677,1,10.7
39,44240,19968,594,4.2,0.098,1,9.6
37,47678,8545,713,7.0,0.31,0,7.7
48,35695,17747,617,1.5,0.445,1,5.8
25,50593,19152,671,5.3,0.31,0,6.7
35,41211,13947,689,6.1,0.152,0,3.5
47,75828,18029,731,5.8,0.539,0,7.7
34,45952,27200,664,2.9,0.263,0,5.2
24,64766,29862,658,2.8,0.09,1,1.9
47,53172,26003,663,8.1,0.156,0,3.1
51,27978,13551,615,7.7,0.496,0,10.7
40,47275,18532,718,0.6,0.47,2,2.0
20,29904,17041,697,0.6,0.36,0,2.4
47,46946,18399,706,18.4,0.233,0,5.0
23,36386,13100,676,5.4,0.055,0,3.1
43,57113,13527,668,5.8,0.127,0,11.9
31,28654,6902,751,2.4,0.371,0,13.1
28,49310,23099,741,3.8,0.577,1,2.2
36,61634,16480,765,3.1,0.089,0,7.1
38,70477,32726,702,10.4,0.44,0,5.5
34,36110,20812,761,10.1,0.083,0,7.0
46,49370,15781,655,6.3,0.411,0,24.3
36,52768,7845,668,5.6,0.486,1,5.1
50,91021,39437,752,7.1,0.367,0,3.8
43,27105,2840,731,5.5,0.388,0,6.1
33,34049,16803,663,8.1,0.251,0,8.0
31,150510,54609,617,12.7,0.166,0,4.9
24,43948,15156,668,4.7,0.031,0,5.5
43,23008,8852,639,2.4,0.402,0,3.7
36,38831,13910,783,5.6,0.257,0,9.6
18,16195,4241,726,0.0,0.446,0,0.0
35,53980,12996,634,1.9,0.584,0,0.9
31,67773,20850,617,11.5,0.712,0,8.5
56,34041,18636,633,5.4,0.151,0,3.8
23,40608,6809,646,3.8,0.57,0,3.1
26,70931,18611,670,6.0,0.302,0,5.8
51,24341,4774,747,3.4,0.165,0,14.0
54,28893,9060,622,11.8,0.505,0,11.0
33,44746,7461,817,14.6,0.169,0,1.9
34,36282,17430,623,3.6,0.33,0,11.0
46,43584,6613,595,4.6,0.096,0,3.7
18,29570,12793,781,0.0,0.256,0,0.0
21,53409,12490,759,1.7,0.305,0,1.3
37,46180,15521,669,0.7,0.152,0,8.8
55,61064,12212,703,10.9,0.23,1,3.4
36,53112,24703,704,3.7,0.257,0,10.9
41,53246,30570,688,3.5,0.195,0,16.1
51,27487,5796,602,7.0,0.074,1,5.8
61,59697,34420,531,2.4,0.06,0,4.4
34,42944,11279,629,3.4,0.174,0,5.3
40,45861,17378,789,1.7,0.195,1,6.2
58,74556,33609,791,0.9,0.243,0,8.7
25,36762,7339,664,3.4,0.295,0,2.0
50,84160,27132,623,2.4,0.073,0,2.9
30,87360,11699,697,2.1,0.602,0,6.9
41,66245,29713,706,5.2,0.286,1,6.3
38,33115,10210,716,8.7,0.622,0,2.7
30,20445,11159,528,8.8,0.202,1,12.3
30,75473,17887,850,8.6,0.138,0,4.1
43,51254,28795,748,2.7,0.525,0,18.1
50,36385,6204,668,4.8,0.574,0,8.5
39,78388,31628,637,3.3,0.156,0,10.4
41,34731,8818,739,2.8,0.249,0,7.4
46,41371,7897,710,2.9,0.022,0,4.5
30,60473,8888,686,2.0,0.152,0,7.3
47,31400,13434,708,6.1,0.269,0,5.7
48,46920,10162,673,10.5,0.634,0,2.3
66,75785,29284,704,3.2,0.143,0,2.4
36,53340,31455,724,2.9,0.064,1,5.1
35,80738,20829,701,0.7,0.199,0,8.8
48,77145,9062,697,7.7,0.352,0,5.1
48,49173,8429,764,0.5,0.112,0,5.2
35,19251,3074,584,5.4,0.037,0,9.0
36,31498,10446,632,2.5,0.413,0,5.0
45,66525,31421,682,4.1,0.32,0,22.1
32,26368,6545,636,5.6,0.302,1,4.0
36,43016,7438,656,5.3,0.314,0,10.8
41,56128,23595,757,9.7,0.288,1,6.8
50,88241,22112,671,0.6,0.211,0,30.2
34,38948,15096,570,8.9,0.159,0,4.8
22,37896,21483,655,3.6,0.269,0,3.6
21,48003,11793,683,2.8,0.328,0,2.8
27,56408,20095,682,5.1,0.038,0,1.2
27,46088,23201,713,1.3,0.09,1,6.6
38,74586,33255,708,4.5,0.449,0,4.8
28,35609,16940,672,7.5,0.278,0,7.6
33,51434,25012,608,8.5,0.119,0,3.9
32,58576,21671,654,4.7,0.582,0,0.9
36,41769,15372,643,4.2,0.05,0,15.4
53,68589,31513,663,5.7,0.73,0,4.2
47,52030,23352,721,9.4,0.019,0,10.6
40,67207,29237,704,3.4,0.161,0,5.9
35,52979,15420,729,6.7,0.168,0,7.6
36,56986,29306,657,15.1,0.29,0,7.2
43,38065,8302,771,21.7,0.193,2,5.0
46,38089,6775,720,9.4,0.039,1,6.6
31,79998,21806,687,4.1,0.398,1,10.2
40,63209,14343,716,1.7,0.37,0,6.8
20,32559,14052,639,1.7,0.343,0,1.7
42,52699,11357,553,12.9,0.163,0,4.8
48,18968,8123,644,4.7,0.186,0,6.2
37,38965,13895,725,10.2,0.383,0,2.9
58,71999,12688,685,9.6,0.285,2,8.0
31,46627,10687,672,5.1,0.343,0,5.9
42,51388,18544,629,9.0,0.071,0,7.1
40,14668,6844,563,1.9,0.202,0,14.9
39,41902,12534,765,4.3,0.388,0,6.0
39,56123,12146,668,7.0,0.323,0,13.9
41,59049,14617,654,5.0,0.562,0,3.7
48,72038,10630,640,2.1,0.094,0,3.9
54,45067,5073,755,9.0,0.462,0,3.7
40,45878,26910,733,6.9,0.538,0,2.6
48,28772,4264,622,5.7,0.399,1,6.8
33,45170,7338,750,11.6,0.279,1,8.8
48,29595,15848,671,9.2,0.349,1,18.7
32,23408,10107,643,0.3,0.316,0,5.8
51,31759,10100,662,5.8,0.299,0,14.5
62,89633,38050,633,5.7,0.432,0,3.0
39,43993,24965,601,3.8,0.413,0,4.0
18,53528,8012,727,0.1,0.352,1,0.1
35,39919,8856,667,2.6,0.05,0,3.1
52,23951,12698,717,0.4,0.163,0,7.3
46,71285,34953,697,18.5,0.246,1,2.5
42,20560,12277,713,5.0,0.134,0,6.5
50,39265,10089,557,7.2,0.48,1,6.2
45,47962,27455,628,2.0,0.314,0,8.0
52,53755,14613,714,0.7,0.214,2,13.8
49,36659,16773,604,3.6,0.576,1,4.1
55,23501,12723,702,3.2,0.206,0,16.8
44,35581,6596,597,6.0,0.264,0,11.5
49,36334,7369,681,3.8,0.348,0,7.9
37,35982,14050,777,18.9,0.172,0,2.6
34,72260,37713,726,10.5,0.122,0,7.2
57,30169,4208,569,13.6,0.024,0,2.9
42,55292,29053,731,5.0,0.354,0,9.2
48,52225,14182,789,5.9,0.311,0,4.8
41,71983,21819,848,12.8,0.354,0,12.9
34,46479,12546,709,3.5,0.233,3,13.2
40,67269,37384,598,7.0,0.054,0,9.7
54,45758,7568,706,3.8,0.399,0,3.2
46,58323,22579,776,7.2,0.152,1,5.3
23,26872,4677,669,1.5,0.134,0,4.9
38,17063,9629,743,3.1,0.103,1,19.8
58,57012,28447,630,6.0,0.604,0,4.6
38,58248,12635,702,6.6,0.171,0,7.3
22,59290,14757,531,4.0,0.493,0,4.0
59,39737,11554,623,1.8,0.041,0,3.4
47,88955,26928,680,5.9,0.486,0,3.9
39,40784,20746,658,1.1,0.668,0,6.3
36,58009,22175,602,3.9,0.312,0,2.0
51,62184,19524,650,5.1,0.199,0,11.8
35,97489,44818,700,4.6,0.537,2,5.6
51,43182,14204,675,14.8,0.124,0,7.6
45,37749,6195,684,5.2,0.131,0,7.4
42,26923,4139,724,7.6,0.071,0,5.6
41,91212,23987,659,6.1,0.266,0,4.5
38,58021,23292,762,4.9,0.217,0,4.2
50,58760,9838,621,7.2,0.328,0,11.4
31,170533,63961,796,5.7,0.365,0,2.6
24,55827,13109,747,5.3,0.17,1,5.8
46,29117,13036,659,4.2,0.486,1,10.0
46,45326,5173,663,3.5,0.333,0,4.1
45,33193,11103,692,3.1,0.221,0,5.0
44,41842,5278,716,5.3,0.224,0,7.8
37,41730,11069,746,5.0,0.377,0,7.5
48,38762,4178,600,12.6,0.126,0,11.4
40,28076,9393,706,1.3,0.575,0,10.2
35,92689,44816,553,15.6,0.38,0,3.9
37,55245,8293,669,1.8,0.728,0,13.0
60,44793,20946,767,4.9,0.504,0,4.8
23,66374,26025,595,4.7,0.1,0,2.5
45,59185,20851,584,2.2,0.355,0,2.0
23,54736,21880,693,1.8,0.084,0,5.2
39,64473,17275,763,4.5,0.264,0,19.8
36,51719,23541,700,7.8,0.209,1,3.7
19,64093,31395,566,1.1,0.142,1,1.1
44,66254,32405,579,1.5,0.214,1,8.9
36,52318,12280,686,4.3,0.201,2,3.1
19,44884,19163,609,0.9,0.173,0,1.0
48,90414,15736,688,2.3,0.742,0,5.7
54,40491,14079,692,11.1,0.291,0,3.9
55,57327,5808,651,6.4,0.388,0,5.8
44,57847,11384,789,2.5,0.045,0,14.7
40,38414,15975,715,10.4,0.12,0,1.7
53,35485,19062,753,2.8,0.377,0,10.9
57,42551,5298,735,4.8,0.277,0,11.6
51,40260,15270,671,0.7,0.266,0,4.9
31,27358,11446,668,2.5,0.103,0,9.2
42,37775,21388,662,5.9,0.123,0,7.8
44,54529,23315,721,5.7,0.203,0,11.5
22,81339,12324,641,3.5,0.51,1,3.9
45,61191,10609,784,4.4,0.232,1,2.4
63,17330,7242,635,8.2,0.227,0,13.4
46,63356,13166,693,4.2,0.457,0,4.0
55,39212,22122,666,6.6,0.11,0,4.8
42,58761,32926,653,3.1,0.144,1,5.5
39,48744,27995,810,4.7,0.122,2,12.4
44,45384,11186,654,0.6,0.355,0,18.1
32,47057,21574,662,3.3,0.439,0,5.1
30,48583,20964,640,5.2,0.179,1,5.3
53,83932,9887,682,4.5,0.266,0,7.6
54,48637,11322,674,3.1,0.646,1,3.3
30,75676,15391,613,2.0,0.316,1,9.0
50,71394,20376,655,5.3,0.41,1,9.0
39,64012,36904,717,4.4,0.211,0,7.8
43,23989,12541,742,6.2,0.075,0,2.6
45,76623,18904,681,2.7,0.277,0,17.7
50,40816,14899,684,7.3,0.236,0,9.5
41,65270,12802,658,1.8,0.344,0,16.3
54,33223,7931,650,1.2,0.502,2,2.8
43,30515,4043,625,11.1,0.438,0,3.6
46,108072,45531,587,1.9,0.169,0,4.2
32,33430,14323,638,5.3,0.03,0,13.7
62,77532,40258,734,3.8,0.119,3,7.4
45,51399,27538,655,11.3,0.092,0,6.5
47,41438,7460,659,7.5,0.181,0,1.1
24,48150,22704,658,1.2,0.181,0,5.2
32,29131,4875,755,13.6,0.531,0,5.9
52,48752,13985,624,9.4,0.396,0,7.9
43,31790,11373,697,3.5,0.279,1,18.4
21,41849,5220,676,1.7,0.487,1,2.9
50,70978,12661,684,5.6,0.351,2,5.6
35,54267,12783,695,5.8,0.055,0,3.5
54,27096,4438,683,0.8,0.296,1,5.6
39,68913,39077,728,5.3,0.419,0,7.0
42,48882,11935,678,8.9,0.193,0,9.2
52,39463,13835,785,5.1,0.391,0,0.6
31,66083,39535,683,4.5,0.514,0,5.6
30,45849,17575,578,4.1,0.303,0,5.9
38,30753,9403,718,2.4,0.525,0,5.5
48,102654,57989,704,10.1,0.578,1,18.3
27,48683,10284,682,3.6,0.39,0,6.1
23,47451,9004,664,5.3,0.042,1,5.3
48,41688,15328,553,1.4,0.175,0,17.1
34,78589,24649,563,4.4,0.446,0,14.3
36,39737,19809,779,6.9,0.185,0,13.2
21,26423,3197,645,3.4,0.064,2,3.4
33,37366,15278,738,3.6,0.076,0,5.0
40,83342,37949,584,4.7,0.359,1,3.5
49,68381,40069,617,6.7,0.435,0,11.5
32,44267,7653,721,5.3,0.059,2,14.3
57,84906,18944,674,16.9,0.176,0,9.3
33,66117,37437,712,11.1,0.213,0,3.1
33,44062,18300,679,3.0,0.299,1,7.4
55,45873,5460,668,9.7,0.093,1,12.9
42,55923,7755,639,0.8,0.479,0,3.7
34,35145,17317,608,3.8,0.192,0,3.8
38,49109,18845,764,1.1,0.309,0,8.9
54,55459,21225,774,7.2,0.416,0,9.3
55,24965,13479,618,3.5,0.297,0,8.6
32,45446,10023,614,1.6,0.28,0,13.8
40,43424,7826,659,8.3,0.39,0,6.6
41,73956,30093,700,1.9,0.06,0,4.8
30,23440,12686,669,7.7,0.045,0,11.0
39,42083,9790,710,5.7,0.334,0,20.5
40,40429,17815,677,4.1,0.417,1,5.0
51,71972,12681,673,9.0,0.496,0,10.2
52,48174,8958,825,2.2,0.33,1,14.9
37,100553,55380,648,0.9,0.362,0,8.1
38,63888,10157,778,1.8,0.666,0,3.2
47,41602,4667,767,16.8,0.303,0,8.2
34,53953,26300,710,2.5,0.361,2,9.0
46,42547,11967,564,3.4,0.547,0,5.8
39,69131,20624,682,12.8,0.456,0,5.6
30,28771,14383,649,3.4,0.165,0,2.6
30,35261,6698,681,7.3,0.418,0,4.3
54,58822,25009,616,13.8,0.326,1,4.6
38,80042,20552,725,6.5,0.071,0,3.8
56,20317,3091,739,4.7,0.304,0,6.4
35,84947,37695,750,8.5,0.326,0,12.0
43,46349,12020,657,0.5,0.211,2,4.5
64,23074,12305,616,3.4,0.236,3,15.5
29,14755,8255,701,11.3,0.237,0,8.8
21,26589,13947,785,2.5,0.128,0,3.0
53,48636,12703,684,5.3,0.206,1,10.2
32,47746,10422,707,7.4,0.13,1,2.3
40,63151,34506,666,3.7,0.351,0,14.0
34,39348,12846,650,7.5,0.18,1,1.6
43,31470,14283,719,5.8,0.259,0,1.8
30,41555,21342,674,12.5,0.076,1,2.0
38,49684,11867,704,8.6,0.251,2,12.0
44,53761,8578,710,5.8,0.345,0,19.1
30,35751,14744,701,0.6,0.158,0,11.9
33,70304,27777,713,2.7,0.404,1,8.3
37,38233,8988,629,1.9,0.139,0,5.6
26,34617,13582,625,7.7,0.447,1,6.5
36,39460,19540,677,1.7,0.831,1,6.6
41,75353,20722,679,3.7,0.25,1,7.3
36,46485,10281,649,6.3,0.495,0,4.1
37,37131,17173,694,3.1,0.226,0,7.1
40,71001,34999,734,3.5,0.295,1,5.0
33,115509,66665,751,5.8,0.29,0,3.8
47,53310,9265,765,2.5,0.249,1,15.8
54,80301,43734,601,5.3,0.453,0,9.3
35,74193,35802,610,8.3,0.426,1,9.2
45,38474,17350,663,2.8,0.495,1,7.4
38,49546,12710,685,1.8,0.262,0,4.1
44,29348,3260,666,14.5,0.162,0,7.0
56,45163,15977,647,14.6,0.392,0,18.7
45,38159,9268,662,4.5,0.381,1,9.3
22,41725,10219,709,4.3,0.163,0,4.3
45,36317,20467,600,5.1,0.268,0,8.6
52,43703,7713,821,3.3,0.288,0,5.5
38,60651,34396,681,4.4,0.224,0,5.4
50,46733,16445,743,0.7,0.444,0,12.3
33,23254,12072,645,1.3,0.52,0,7.4
25,36372,8794,714,3.5,0.561,0,7.1
41,26695,11131,686,2.8,0.211,0,7.2
22,54048,20446,731,1.5,0.135,0,4.4
38,59954,33699,668,4.4,0.037,0,5.3
53,54318,10301,773,7.6,0.06,0,5.9
21,35776,7237,590,2.5,0.131,0,2.9
27,54108,31084,737,5.8,0.209,0,2.0
30,40618,6051,687,3.6,0.454,2,10.6
39,31092,12976,619,8.6,0.136,0,7.8
36,65958,8593,797,1.2,0.332,2,6.1
54,67996,9417,791,1.7,0.574,1,4.2
50,71651,28558,556,3.4,0.293,0,13.6
45,38433,14439,691,2.1,0.179,0,19.0
41,78570,30368,722,10.4,0.168,0,5.8
44,40238,13553,707,1.3,0.13,0,10.0
31,63666,29998,771,3.3,0.431,0,9.8
49,39960,23820,758,16.6,0.177,0,10.2
29,44820,10662,696,1.2,0.503,0,3.0
48,18611,4871,817,4.7,0.234,0,12.8
52,43444,11362,736,3.7,0.35,0,2.4
42,50840,24486,659,6.4,0.129,0,9.7
38,41605,11400,647,5.9,0.442,0,14.4
44,98960,43381,755,5.7,0.488,0,5.1
18,30792,9944,632,0.0,0.118,1,0.0
43,39127,15803,655,8.8,0.435,0,10.9
39,34134,17562,666,2.8,0.251,1,6.0
39,39124,13968,701,2.7,0.409,0,4.0
47,74055,25000,668,7.4,0.046,0,10.2
39,88540,20673,601,5.3,0.229,1,3.4
29,37037,13258,750,6.0,0.204,0,1.7
39,36710,8488,656,4.8,0.16,1,7.5
41,30858,16101,801,3.2,0.153,1,6.0
41,82662,24338,698,7.1,0.071,1,10.2
42,76757,12631,756,2.4,0.634,2,7.8
50,46986,10336,718,16.9,0.28,0,20.7
29,28045,10301,759,11.1,0.476,0,11.1
42,29066,16223,714,19.5,0.363,0,8.4
53,52483,13136,694,5.5,0.362,1,12.9
23,61068,14179,746,3.5,0.415,0,4.7
42,21451,6506,829,12.1,0.408,0,15.1
34,43109,25170,664,4.9,0.442,0,3.7
36,93650,48942,728,8.5,0.442,1,4.2
31,44936,7856,680,8.5,0.24,0,13.0
38,88952,36193,710,2.4,0.269,0,7.6
58,63552,31518,683,7.0,0.3,2,7.9
27,31770,15377,551,8.2,0.151,0,9.4
28,43605,15019,668,4.4,0.103,0,6.6
27,46561,21694,740,1.3,0.038,2,9.0
57,33490,13121,634,12.3,0.193,0,8.8
35,33258,6676,735,16.6,0.277,0,12.2
40,89564,11467,691,5.1,0.272,0,5.7
36,33159,9442,669,3.8,0.306,2,6.3
31,75461,9883,734,1.1,0.259,0,4.1
38,41168,12248,721,5.3,0.215,0,15.7
65,48521,24961,705,3.3,0.3,0,11.3
54,61374,32046,741,1.1,0.194,1,6.9
31,38583,4516,692,9.1,0.106,0,11.3
46,61523,8291,581,7.3,0.381,0,10.7
32,21621,9404,657,3.0,0.161,0,3.9
22,58447,20457,572,4.2,0.248,0,4.2
50,18262,3190,719,4.6,0.577,0,3.6
52,44769,22508,734,5.2,0.225,0,3.9
50,68989,14367,737,4.1,0.315,1,3.4
35,62876,8744,709,9.9,0.112,0,4.4
38,29162,13845,738,7.1,0.522,0,4.9
47,30704,12406,585,0.7,0.261,0,23.3
44,37217,11062,674,4.9,0.289,0,6.0
36,52812,23573,595,8.4,0.127,0,11.7
24,21747,12085,659,1.1,0.106,0,5.8
41,48762,5710,777,8.4,0.087,1,8.7
51,55524,22978,746,7.2,0.176,0,12.6
28,43774,9152,720,2.1,0.464,0,8.4
46,60484,20387,669,4.0,0.593,0,4.1
43,53610,16726,620,1.5,0.577,2,9.3
48,39472,11644,691,3.0,0.262,0,10.7
49,22596,4410,747,3.9,0.099,1,3.5
33,51708,25922,705,7.7,0.205,0,8.3
24,33482,9702,585,5.8,0.096,0,5.8
35,38897,21144,686,5.7,0.284,0,1.2
49,59376,16467,565,3.8,0.267,0,7.2
35,86416,44924,728,8.2,0.13,0,16.6
33,48280,17971,638,5.2,0.137,1,5.0
22,61183,17915,607,3.8,0.285,1,3.8
58,27507,12434,729,9.1,0.226,0,9.6
48,54079,26679,714,7.9,0.358,0,5.3
48,47860,16337,694,6.2,0.477,0,5.2
50,80153,25065,812,7.1,0.185,0,14.4
46,39491,15350,718,2.9,0.047,0,6.2
38,44504,17472,641,2.6,0.514,0,12.3
38,74871,23415,711,16.5,0.591,1,3.8
36,47249,22624,663,2.5,0.427,0,6.1
66,31460,9434,756,9.2,0.136,2,5.9
46,136033,44415,697,3.8,0.118,0,6.2
35,31843,12822,703,7.6,0.266,1,3.8
45,47768,28347,593,0.6,0.205,0,5.7
30,56313,12971,684,1.4,0.472,0,7.2
55,54559,11784,677,9.5,0.336,1,2.1
33,45438,8562,619,1.0,0.205,0,5.1
45,45529,20248,667,3.0,0.492,0,9.5
51,44624,14483,706,12.5,0.116,0,4.6
44,31371,9232,680,8.8,0.508,1,8.1
41,115854,23408,595,3.6,0.184,0,4.4
40,44891,24491,664,2.5,0.506,3,6.8
39,62241,20016,652,13.8,0.128,1,1.7
34,42879,17317,692,2.7,0.221,0,9.4
36,42536,6647,685,6.0,0.301,0,5.2
55,40857,6291,655,11.8,0.891,1,11.5
39,26372,3525,653,6.8,0.26,3,6.4
32,45970,13041,684,11.8,0.642,0,5.5
35,41656,14015,738,3.5,0.412,0,4.8
51,78324,17411,697,1.9,0.083,0,5.2
47,30373,8348,765,7.9,0.683,0,5.1
46,38915,4013,748,10.9,0.152,0,4.3
37,34222,9430,770,7.1,0.072,2,4.6
46,87292,13931,762,2.2,0.447,0,18.6
34,34622,5685,774,15.6,0.269,0,6.5
37,61385,6277,611,1.5,0.174,1,2.1
50,72263,32387,719,5.5,0.199,0,2.2
49,46238,26154,753,11.7,0.18,0,18.9
30,28262,11609,764,5.1,0.336,1,6.4
31,28406,4207,634,8.0,0.101,3,3.3
41,69141,41127,719,0.9,0.108,1,12.2
57,29607,17403,685,7.7,0.258,0,1.6
21,57343,19159,791,2.1,0.417,0,2.8
43,51315,7899,597,5.6,0.021,0,7.0
26,57003,26242,634,1.5,0.26,0,7.7
34,59197,34378,571,8.3,0.306,0,3.5
36,33743,16512,689,7.0,0.182,1,4.7
36,33183,13675,816,5.6,0.213,0,10.2
35,65249,26453,677,9.7,0.307,2,14.5
40,38111,22446,686,7.5,0.259,0,10.8
35,16317,2228,713,1.4,0.331,0,8.4
25,63545,11106,673,7.4,0.198,0,5.5
48,32386,16692,702,7.6,0.203,0,9.1
48,59092,10197,704,2.5,0.26,0,10.0
48,85573,24957,629,5.0,0.387,0,14.3
25,49351,11881,674,3.4,0.147,0,6.6
43,73007,16187,725,17.9,0.224,0,22.4
47,52131,5884,736,1.9,0.327,0,11.7
30,92501,35439,758,3.5,0.069,0,6.4
40,32053,9636,700,4.7,0.298,0,13.0
39,48860,18361,701,5.4,0.22,0,5.6
58,64168,16187,725,3.6,0.652,1,4.7
59,45426,25926,644,5.3,0.177,0,2.2
23,77722,30752,642,5.4,0.048,0,5.4
65,41241,23945,673,2.7,0.113,0,5.5
31,112167,30846,603,3.6,0.056,0,9.9
50,114563,11587,704,15.4,0.168,0,11.8
50,54876,26924,743,9.7,0.269,0,5.6
30,61147,31411,637,9.5,0.333,0,6.0
45,78958,10213,706,1.3,0.121,0,2.1
39,30489,12582,642,17.1,0.549,0,3.6
46,29004,12487,619,4.6,0.239,0,2.6
42,81029,14007,803,10.3,0.016,0,21.0
52,54699,20581,620,5.7,0.182,0,6.2
41,44775,9922,603,0.9,0.075,0,4.6
38,49239,5329,693,3.8,0.263,0,5.3
51,18875,10069,696,9.8,0.468,0,7.0
46,45423,15709,720,10.0,0.178,0,4.2
47,36271,17804,800,5.8,0.143,0,9.8
33,70773,32658,633,1.8,0.555,1,11.8
30,72985,43561,645,10.5,0.312,2,6.3
34,61739,19693,777,2.7,0.188,0,4.8
34,57422,18018,736,5.6,0.365,0,5.6
48,26932,6487,728,7.4,0.234,2,3.7
50,62085,25615,645,8.0,0.261,1,6.0
38,63055,21631,748,7.2,0.531,0,10.3
54,80666,37460,728,2.4,0.282,1,16.2
54,114380,31827,691,3.5,0.558,0,8.4
42,24909,4120,645,2.3,0.251,0,10.2
32,41966,22293,686,8.4,0.579,1,6.4
56,36428,18725,779,7.6,0.059,0,12.5
39,52523,14470,614,2.6,0.239,0,4.3
41,49284,21940,632,9.3,0.079,0,3.1
37,44639,15454,642,9.3,0.086,0,6.2
31,73942,35528,655,11.5,0.425,0,9.0
25,31553,9310,679,7.3,0.264,0,2.9
46,32324,11889,738,7.8,0.135,0,17.8
32,32543,4195,708,3.7,0.38,0,3.8
71,42441,7956,684,4.4,0.075,1,5.2
29,29988,14721,697,10.7,0.556,0,9.0
27,48078,13980,717,3.1,0.159,0,8.3
45,45881,5393,579,2.4,0.46,0,12.7
55,35789,6579,744,7.8,0.09,0,10.5
41,69530,21262,630,0.7,0.307,1,3.9
46,47868,21969,653,2.9,0.43,0,5.4
22,74986,21127,700,3.6,0.138,1,3.6
33,45342,21428,675,13.4,0.352,2,6.3
29,48549,25684,709,10.0,0.119,1,3.8
21,39139,10590,689,3.0,0.344,1,1.7
41,48883,24451,663,2.5,0.06,0,14.4
18,65179,10653,772,0.0,0.344,0,0.0
27,41584,12793,722,3.9,0.404,0,8.8
35,60317,8974,698,1.4,0.182,0,4.0
32,35415,4472,722,13.7,0.255,0,8.5
44,66411,8784,638,3.8,0.199,0,1.9
43,38872,5923,810,4.1,0.229,0,4.0
49,68918,35690,615,8.9,0.125,0,5.7
48,50231,18678,687,1.2,0.42,0,4.3
51,90074,51675,663,4.2,0.341,0,4.7
40,30896,11401,661,5.1,0.538,0,10.7
43,27161,11254,653,1.5,0.144,0,5.2
45,38312,7365,634,2.3,0.393,0,3.5
41,28174,10433,751,3.1,0.254,0,5.2
36,28195,8251,608,10.3,0.351,0,1.6
37,62857,35559,739,13.1,0.708,0,5.9
32,48939,27746,719,7.1,0.458,0,5.6
44,40462,8062,657,4.8,0.077,0,5.8
39,41991,17219,712,11.8,0.023,0,2.7
33,38604,16178,671,9.3,0.303,2,7.7
33,94859,36167,614,15.4,0.202,0,6.1
28,36527,5923,615,1.0,0.091,0,9.9
50,28887,12335,719,5.2,0.508,0,11.2
41,67401,33670,716,3.3,0.301,0,4.0
31,44968,12259,695,1.2,0.187,0,4.0
48,110803,39587,657,5.3,0.169,0,11.4
34,39716,6282,669,16.4,0.121,0,3.6
26,68761,38874,660,2.0,0.277,1,3.8
50,75575,11697,575,24.8,0.26,0,8.1
35,39794,8125,684,9.5,0.454,0,4.7
36,36418,9077,711,12.1,0.328,0,8.1
40,65943,33822,684,12.1,0.47,0,2.0
51,61695,27783,786,7.1,0.27,0,5.2
40,27883,2886,620,3.7,0.285,0,12.1
28,31214,5986,640,1.4,0.208,0,3.9
45,17773,8443,688,2.0,0.133,0,4.8
35,62203,18780,695,7.8,0.078,0,5.8
59,44147,4993,566,3.8,0.323,0,5.0
40,45942,26736,716,2.2,0.361,0,2.1
18,24920,4376,695,0.0,0.465,0,0.0
44,31595,11224,553,6.8,0.262,1,6.0
59,40490,9076,673,8.9,0.371,0,8.5
56,37462,17560,631,2.7,0.412,0,12.5
58,51387,25095,653,4.8,0.19,0,4.8
30,61907,18486,600,2.7,0.444,0,7.8
49,121521,52160,705,1.7,0.152,0,0.7
33,48630,26967,786,10.8,0.137,0,1.2
42,76585,38860,696,10.3,0.351,0,6.5
27,35172,10814,550,1.0,0.363,0,2.4
34,25085,8046,697,5.5,0.195,0,8.6
33,42577,23138,668,11.9,0.08,0,9.6
49,25872,3032,614,9.1,0.064,1,4.3
48,49309,5493,701,2.4,0.36,0,9.2
43,35876,7279,733,12.8,0.148,0,5.5
26,22433,11526,640,8.5,0.216,0,8.5
37,98165,17337,581,6.7,0.69,0,2.9
33,39536,9593,559,4.3,0.067,1,6.0
49,25462,10555,640,2.4,0.154,1,7.5
52,70212,13489,671,5.2,0.333,0,10.4
51,36627,9214,649,14.0,0.303,0,9.9
32,75816,25281,639,2.5,0.231,0,5.1
18,36558,7825,714,0.0,0.06,0,0.0
22,39484,23540,708,4.3,0.258,0,3.8
54,56271,10226,692,5.2,0.496,0,12.9
36,62149,32626,729,11.9,0.294,0,16.0
32,66662,22335,641,5.1,0.085,0,1.8
56,47292,7783,614,4.5,0.182,0,11.3
53,60563,9644,649,10.4,0.541,0,9.6
40,66056,23129,645,5.4,0.628,2,1.1
37,53116,14700,557,5.1,0.347,1,10.8
39,46302,10061,647,3.2,0.266,0,14.1
42,27498,15934,746,4.4,0.421,1,10.2
56,62297,20663,728,16.1,0.183,0,3.6
44,49855,28138,712,0.4,0.372,0,17.5
47,41546,7561,688,2.4,0.169,1,11.7
52,81724,15669,767,2.8,0.137,0,3.8
28,27691,11021,616,4.8,0.064,0,8.8
48,94619,22230,622,4.2,0.471,0,8.5
37,48586,9351,747,6.1,0.227,0,2.8
18,55659,8201,682,0.0,0.328,0,0.0
19,41856,5782,640,0.7,0.493,0,0.7
30,25164,11993,713,11.8,0.119,0,4.9
45,46358,11176,654,5.4,0.116,0,15.0
41,56044,33022,630,4.3,0.574,0,5.8
42,64247,12307,628,4.9,0.262,0,9.2
60,45288,12555,699,3.9,0.316,0,6.9
27,20394,5862,692,8.8,0.315,1,4.2
40,26459,9263,771,6.7,0.061,0,7.9
43,111392,59630,663,6.4,0.398,1,6.4
33,31666,16383,662,11.9,0.405,0,14.6
40,86753,9107,766,8.9,0.185,0,11.4
24,33738,10277,739,0.4,0.266,2,2.3
54,45571,23422,689,3.8,0.363,1,4.1
33,62949,6301,586,1.6,0.274,1,3.7
60,35310,12952,631,2.7,0.428,0,1.0
40,92678,21292,617,3.3,0.282,0,9.7
50,50528,15481,682,2.6,0.194,0,8.6
39,58944,18282,649,9.2,0.207,0,3.2
40,44045,13032,776,8.1,0.317,0,3.3
34,63799,34832,586,3.8,0.289,0,1.5
41,92182,33944,610,7.9,0.223,1,3.9
43,46513,25669,695,7.2,0.446,0,8.4
32,97918,45372,711,5.7,0.033,0,14.2
39,38383,10577,525,4.7,0.212,1,2.3
34,66545,23077,576,9.8,0.226,0,8.0
63,59614,17582,664,5.1,0.286,0,20.0
39,31970,16442,761,6.3,0.148,0,6.1
55,53398,10348,793,5.9,0.158,0,6.0
38,49165,27936,655,3.4,0.188,1,6.8
43,34847,13598,670,3.2,0.203,0,6.3
27,56568,22960,630,4.4,0.312,0,8.8
36,51975,18628,718,9.1,0.179,0,17.5
42,47618,17964,772,4.8,0.284,0,4.2
56,47694,20692,755,0.8,0.184,0,2.7
42,47287,20216,678,6.7,0.632,0,3.4
54,42316,8763,630,3.5,0.176,1,10.4
46,51841,20281,680,2.6,0.206,0,7.5
56,37890,10507,763,8.5,0.153,0,11.5
39,141878,59378,656,8.4,0.053,2,1.8
64,27897,10431,571,5.8,0.051,0,5.8
35,38797,7365,658,4.2,0.11,0,9.8
32,40043,18715,663,3.6,0.362,0,1.8
28,110879,36425,571,1.6,0.054,0,7.9
63,28910,10862,694,0.4,0.08,0,6.0
48,58126,25362,710,3.8,0.331,1,16.0
37,54142,23088,792,3.9,0.21,0,2.5
52,56019,26579,600,2.5,0.402,0,12.0
47,80381,16348,724,11.9,0.384,1,5.0
60,79724,12373,738,3.4,0.41,0,1.7
25,40930,17788,711,5.7,0.125,1,4.4
37,52977,11549,620,6.6,0.112,0,11.2
35,23257,3658,616,7.3,0.069,1,10.6
20,51003,8447,686,2.3,0.304,0,2.3
51,35682,9149,685,4.1,0.195,0,3.4
37,45499,27113,646,5.3,0.121,1,16.2
47,24981,4462,757,3.1,0.139,0,6.7
64,57639,14367,656,11.1,0.274,0,5.8
36,24869,13936,566,18.5,0.56,0,6.7
36,52016,30256,667,6.5,0.252,0,2.7
41,30013,6436,709,6.4,0.389,0,1.8
50,34897,18852,701,10.6,0.221,0,6.0
34,77800,13184,700,9.1,0.512,0,1.4
34,62017,29816,770,5.1,0.61,2,10.9
51,77628,8268,613,15.3,0.317,0,14.5
44,91481,27747,655,3.2,0.204,0,22.8
20,35985,8049,773,1.6,0.312,0,1.6
28,89285,40357,562,4.1,0.487,0,9.7
55,27277,2947,677,7.0,0.151,0,0.9
44,66068,21964,754,3.8,0.203,0,10.3
32,40242,18043,753,14.4,0.36,0,6.2
38,33789,4168,720,11.0,0.35,1,8.8
40,62679,34392,721,6.8,0.46,0,13.3
47,71538,20073,618,9.2,0.456,0,5.3
26,70693,12911,762,2.5,0.461,0,8.4
32,53420,11364,608,1.4,0.758,0,8.7
43,51678,13925,612,3.1,0.281,1,7.7
39,60521,12055,703,14.7,0.041,0,3.8
46,55354,19667,650,3.7,0.043,1,3.2
28,60873,25351,692,9.6,0.669,0,5.3
44,53189,16846,706,4.4,0.264,2,11.0
51,68673,21530,787,4.6,0.232,0,7.7
45,25569,12550,706,3.8,0.583,0,9.2
41,46513,11652,643,3.6,0.281,0,8.8
39,28183,11594,721,9.1,0.176,0,21.0
32,54758,29923,630,3.6,0.507,0,10.3
39,94539,19925,735,3.6,0.539,0,3.8
53,40553,16625,684,5.2,0.405,0,6.1
39,51581,29607,704,4.1,0.354,0,11.6
31,66343,24208,573,2.6,0.314,0,1.6
35,21438,12615,545,8.5,0.248,0,6.6
42,39781,10145,590,6.1,0.324,1,5.1
36,56716,21674,785,3.4,0.423,0,3.4
45,15386,3931,611,2.7,0.294,2,3.3
45,33166,3378,724,10.8,0.254,1,10.1
49,76141,45582,641,1.8,0.015,0,11.0
54,73218,16110,666,7.7,0.204,0,5.2
50,56939,33397,677,0.8,0.495,0,5.5
31,69764,29756,779,5.6,0.062,1,6.2
31,53425,29489,715,5.7,0.282,1,0.9
39,61216,35726,703,1.5,0.132,0,17.7
35,43206,16587,758,1.6,0.236,0,9.7
29,51345,30799,642,5.8,0.185,0,10.6
36,38065,18411,744,1.6,0.259,0,5.3
35,81259,29408,734,12.3,0.308,0,9.7
33,90095,38513,733,3.5,0.188,1,2.8
37,85133,16783,671,13.8,0.253,0,9.4
52,41638,4393,654,11.8,0.337,0,6.8
42,33473,7645,628,4.7,0.065,0,2.9
65,81698,25938,632,6.0,0.484,1,15.7
42,60935,13042,625,10.3,0.292,1,9.9
37,55906,19960,702,2.1,0.4,2,19.1
40,38046,16321,666,3.7,0.321,0,3.7
43,58120,24869,706,13.5,0.386,0,5.9
44,31758,17368,709,9.5,0.044,0,10.0
61,63173,36840,616,4.3,0.411,0,1.4
32,85098,46408,615,6.0,0.168,0,7.8
49,94129,38601,666,3.0,0.38,0,10.1
42,65082,13204,633,4.0,0.09,1,3.4
24,28203,16125,627,6.3,0.154,0,6.3
48,53047,9943,782,4.0,0.437,0,4.2
53,115367,20272,588,8.5,0.151,0,8.4
31,34633,8962,801,1.6,0.434,0,9.5
40,47874,18518,697,7.5,0.343,0,6.7
23,86285,38029,739,2.3,0.085,0,4.7
27,62746,6692,732,4.6,0.457,1,2.8
50,132199,64647,717,2.8,0.33,0,11.1
35,36565,6856,780,7.6,0.132,0,17.3
29,32995,8191,615,1.7,0.342,1,3.1
42,79989,20881,671,8.5,0.355,0,3.0
35,30383,8089,629,5.1,0.028,0,14.6
35,45310,21757,578,4.3,0.149,0,7.7
47,47750,5753,640,3.2,0.245,0,10.3
28,74191,14709,792,3.7,0.133,1,4.4
31,62674,6967,670,11.6,0.213,0,5.1
42,58855,28789,799,3.1,0.273,0,12.9
50,41732,24700,805,11.7,0.367,1,5.6
52,79698,34252,850,14.3,0.218,0,4.7
33,245323,96920,794,4.3,0.152,0,1.8
49,64635,35810,821,1.4,0.408,0,5.0
32,51015,11605,700,9.8,0.279,0,3.0
58,29169,3886,694,9.7,0.243,0,3.5
29,37987,13485,698,10.7,0.362,0,4.1
53,45004,10359,680,4.9,0.068,0,11.5
33,39583,12886,689,6.5,0.562,0,1.7
60,48707,15983,725,3.7,0.091,0,7.2
46,99828,25897,652,3.5,0.63,0,5.2
30,80730,27704,597,6.2,0.109,1,8.1
35,46003,13344,702,10.4,0.395,1,8.8
48,30233,4732,638,8.9,0.453,0,4.0
51,83696,44640,645,5.3,0.334,1,11.8
39,48068,21661,671,11.0,0.344,0,18.1
40,24573,2965,658,1.8,0.2,0,2.9
48,65184,10292,747,22.1,0.254,1,9.8
41,73886,10954,670,2.0,0.409,0,6.2
27,18576,2431,750,5.0,0.162,0,6.8
32,35248,4566,692,6.2,0.573,1,12.0
42,46902,8375,675,6.3,0.393,0,9.8
52,65762,34455,689,10.2,0.327,0,5.5
56,39883,20504,603,2.6,0.088,0,12.8
48,35142,17275,700,6.6,0.109,0,6.3
43,65570,26710,731,8.4,0.084,0,4.1
47,40647,18768,739,11.2,0.377,0,7.5
33,60890,28572,599,4.2,0.324,0,13.8
38,31426,17116,589,5.8,0.161,0,2.3
32,28540,13305,648,5.2,0.256,0,9.3
28,66311,31049,763,8.1,0.354,0,1.5
43,54231,27226,693,8.2,0.318,0,10.3
42,70897,26812,634,4.1,0.11,0,8.4
47,39615,8181,593,5.1,0.553,1,15.4
45,35666,5074,639,5.4,0.01,2,2.6
42,84481,26149,635,2.3,0.304,0,7.9
46,26657,3888,736,6.9,0.424,0,4.0
40,80869,14933,741,6.7,0.171,0,5.3
44,83133,9304,617,2.3,0.266,0,17.0
33,69150,17295,725,7.2,0.118,0,8.1
44,37230,21780,719,24.1,0.17,1,9.3
47,35362,10236,609,2.9,0.549,1,5.2
33,45070,9936,675,2.3,0.393,0,6.6
41,29202,8811,700,8.3,0.234,0,12.1
34,33367,8364,690,4.1,0.113,1,15.4
35,63443,27721,577,10.3,0.212,1,6.7
29,63560,26519,688,5.0,0.288,0,10.8
53,32214,3662,718,3.3,0.189,0,6.6
51,64244,22849,775,4.9,0.237,0,4.2
45,58790,6943,640,8.2,0.009,1,7.6
60,89676,39339,647,8.0,0.252,1,3.9
38,61553,34956,667,1.6,0.235,0,8.0
70,74864,41456,697,8.1,0.459,2,2.9
38,59328,12035,686,5.5,0.181,0,10.0
43,72546,34192,716,5.9,0.374,1,3.0
36,29294,14546,612,6.9,0.413,0,4.2
44,46691,24848,704,2.2,0.377,0,4.6
48,48262,11091,635,1.5,0.291,0,3.3
39,44467,14470,671,1.7,0.296,0,6.5
58,58545,12339,782,9.8,0.395,0,0.8
42,63181,7086,596,9.8,0.218,0,6.0
43,57349,24632,663,0.5,0.295,0,0.4
31,45671,14420,604,5.1,0.174,0,8.1
44,36523,8183,689,3.6,0.475,0,2.8
39,76029,39805,743,2.5,0.394,0,8.6
34,56381,19612,690,11.2,0.112,0,13.4
32,32616,19482,673,12.7,0.3,0,4.7
67,45366,22532,760,6.1,0.36,1,7.0
37,24408,13049,700,3.4,0.511,0,2.5
25,49719,24197,729,3.9,0.449,0,7.4
33,45281,6926,723,2.1,0.316,0,9.7
39,38957,5162,507,3.9,0.092,0,2.2
45,92396,51514,675,2.7,0.281,1,9.9
46,30870,5220,615,12.1,0.283,0,19.9
47,65027,19223,630,1.1,0.246,1,5.5
34,117558,47606,768,9.1,0.465,0,4.8
43,75426,15534,658,2.6,0.408,0,11.8
31,48406,10293,794,8.1,0.403,1,4.6
34,31144,10375,596,4.7,0.5,1,2.6
31,28429,7973,615,9.2,0.314,1,6.1
28,41580,18224,726,1.7,0.298,0,10.1
51,37242,5122,660,3.3,0.358,0,6.3
47,36761,12660,698,4.1,0.051,0,5.5
50,43022,8051,673,5.5,0.26,0,8.9
40,47056,18981,671,5.4,0.172,0,3.7
48,59521,9411,662,2.1,0.383,0,7.2
22,29878,5940,691,1.6,0.482,0,1.5
49,37313,18729,718,4.3,0.29,0,8.6
42,45988,10006,777,5.0,0.04,1,12.3
46,45334,21240,668,4.1,0.756,0,15.0
44,102188,24171,656,1.1,0.282,0,11.1
30,53793,11701,649,5.1,0.413,0,9.6
25,25708,6416,768,7.0,0.507,0,6.3
33,57946,31318,721,6.1,0.691,0,10.0
46,60978,18207,566,4.6,0.301,0,6.8
47,46628,10346,563,5.7,0.627,0,2.8
26,30171,11113,630,2.8,0.265,0,8.3
30,99034,28999,694,11.2,0.04,1,1.5
33,31954,15820,678,3.5,0.397,1,4.9
36,63851,38006,711,7.3,0.704,0,4.0
26,53105,19292,669,4.5,0.032,0,6.9
26,62338,20314,764,7.8,0.139,0,7.8
32,97027,26345,726,3.5,0.614,0,9.4
41,61369,36003,685,9.5,0.584,0,2.0
28,39204,13394,749,10.2,0.126,0,2.9
39,76298,14420,581,2.6,0.468,0,9.7
51,38084,22264,675,8.9,0.367,0,21.2
27,52335,30377,688,9.0,0.225,0,4.6
38,29225,9289,716,6.4,0.331,0,2.7
50,32425,8887,577,10.7,0.248,0,5.2
36,50039,22028,664,12.3,0.293,0,2.4
34,56797,29220,704,9.7,0.168,1,5.9
52,24811,8666,709,2.9,0.3,0,7.0
37,59809,15874,751,7.0,0.476,0,12.2
51,35321,8855,726,7.6,0.101,0,9.0
44,81787,21534,676,0.9,0.165,0,10.6
37,42583,6771,720,4.8,0.073,0,5.9
45,31274,15303,668,5.7,0.24,0,17.2
43,50530,7705,689,7.2,0.128,0,2.4
50,33979,10165,728,2.3,0.057,0,6.1
35,81436,42141,677,4.5,0.129,1,5.9
40,49031,14810,702,6.1,0.444,0,4.2
39,46135,11413,738,3.8,0.538,0,13.5
47,62114,35661,723,0.9,0.532,2,0.8
30,32795,5354,754,11.5,0.485,0,3.2
50,29271,15877,820,17.2,0.267,0,7.0
45,57719,7563,722,6.6,0.213,0,5.4
27,31575,9686,652,6.7,0.521,0,6.2
52,31571,13129,711,5.0,0.387,0,3.4
62,68508,19526,708,1.6,0.137,0,4.6
50,60477,22214,717,1.2,0.635,0,11.9
54,29687,5997,770,10.9,0.137,0,9.4
41,38267,14714,579,16.0,0.535,0,6.4
23,34150,5713,771,5.4,0.426,0,5.4
22,99761,49686,791,3.6,0.433,0,3.6
43,70432,27602,714,4.5,0.159,1,18.9
34,41426,14125,716,7.8,0.212,2,10.0
31,61727,7860,666,10.6,0.179,1,11.3
39,28496,9970,680,5.1,0.322,0,3.9
46,37457,14300,722,4.0,0.206,0,8.5
25,51121,11903,718,2.3,0.098,0,6.7
36,58741,25775,723,3.4,0.16,0,11.5
55,47147,6524,718,7.5,0.238,2,11.1
29,54133,11062,734,6.3,0.154,0,10.9
49,50581,23711,727,6.0,0.48,0,13.1
35,45916,7972,619,2.3,0.5,0,9.0
45,43545,9701,730,4.3,0.246,0,4.1
51,41336,17586,792,8.9,0.296,0,9.5
47,53786,24980,678,13.2,0.402,0,11.4
49,57776,7265,770,8.6,0.546,1,11.6
28,53069,8666,625,10.5,0.31,0,5.0
51,30594,9884,678,0.9,0.197,0,1.5
31,32874,13031,642,11.8,0.179,0,13.5
43,57501,18796,763,7.0,0.603,1,4.7
43,88315,37405,778,6.0,0.169,0,6.0
45,52102,24905,674,6.4,0.164,0,5.4
43,41578,23898,750,14.9,0.523,0,7.5
32,53623,14743,779,3.6,0.247,1,5.4
27,31110,5648,678,6.5,0.379,0,7.1
49,82750,19201,688,4.7,0.366,0,3.9
42,52820,9195,724,2.4,0.097,0,13.5
51,37505,11143,629,1.4,0.217,1,9.2
40,45857,24592,687,2.4,0.126,0,7.0
26,39703,10860,809,3.0,0.146,0,1.1
50,82840,14448,650,4.9,0.157,0,3.4
36,45211,16336,731,10.5,0.099,0,10.3
43,52164,31088,711,2.4,0.586,0,3.8
34,61666,11969,670,2.9,0.28,0,8.7
56,36450,17822,693,14.7,0.478,0,5.5
31,52970,27104,785,3.7,0.254,0,7.1
37,54708,16449,713,3.2,0.51,1,5.7
41,26327,10788,723,3.3,0.049,0,6.0
29,54235,17148,776,5.7,0.061,0,10.1
43,48132,11126,663,4.9,0.269,0,10.3
56,51637,16165,617,3.0,0.275,0,7.5
35,49724,7342,786,3.9,0.424,0,10.4
44,54375,24658,688,9.1,0.263,1,2.7
18,83695,43069,734,0.0,0.275,0,0.0
40,30583,7759,634,12.4,0.265,0,5.1
37,42751,16384,703,4.2,0.273,1,5.0
32,64001,13829,614,9.1,0.066,0,4.7
51,59419,9729,684,9.3,0.408,0,12.6
37,58910,25438,641,2.9,0.46,1,3.3
38,147477,24637,627,6.8,0.164,0,4.7
36,62671,30771,662,5.4,0.313,1,7.4
21,77063,18177,542,1.0,0.141,1,2.8
29,43355,22079,610,1.4,0.246,0,4.8
50,32953,9367,727,5.8,0.353,0,5.3
19,43229,12295,701,0.9,0.405,0,0.9
32,65172,30975,616,0.8,0.594,0,13.1
36,57684,20485,713,5.3,0.302,0,10.2
57,57601,11548,627,0.5,0.192,0,18.1
48,44993,23631,723,2.1,0.256,0,16.1
34,42213,11401,673,5.3,0.283,0,1.9
53,45618,6906,660,4.6,0.216,2,12.8
33,65499,20174,675,4.6,0.261,0,14.6
50,68617,26553,834,7.7,0.059,1,9.1
26,32778,13273,634,8.4,0.094,0,6.0
51,66499,34433,694,10.7,0.23,0,3.8
36,37787,14008,727,15.6,0.154,0,9.8
30,59134,12528,622,0.5,0.503,0,2.8
38,45398,10479,584,2.7,0.296,0,7.2
43,91703,13794,644,2.0,0.376,0,24.7
35,41472,19407,726,15.9,0.204,0,2.4
46,52651,8054,659,5.4,0.289,1,7.4
34,62482,25174,666,4.8,0.407,0,11.6
46,34559,13771,735,3.6,0.355,2,7.9
44,47613,23461,632,3.4,0.007,0,9.8
39,44063,6050,675,3.4,0.099,1,2.5
36,39914,8041,589,3.6,0.447,0,17.6
42,41114,22809,699,3.4,0.501,0,7.7
46,76482,29531,694,13.5,0.18,0,2.9
61,38583,12688,728,19.5,0.464,1,11.3
49,61486,29134,611,18.7,0.172,0,17.5
50,55594,30647,668,0.9,0.176,0,5.7
71,28035,6490,603,3.0,0.034,0,6.5
45,60335,33229,665,0.7,0.593,0,12.8
45,27850,4299,769,19.1,0.16,0,11.0
47,63022,37110,661,6.7,0.102,0,4.2
30,40020,7301,598,8.9,0.134,0,1.5
36,49185,11466,639,4.5,0.111,0,17.6
35,29211,4332,583,4.8,0.161,1,5.3
46,51480,25835,602,11.5,0.458,2,3.2
38,71025,42055,720,5.3,0.265,0,4.4
41,35497,8821,593,5.5,0.186,0,14.5
51,38451,10105,699,8.4,0.383,0,0.6
49,58797,14081,682,7.7,0.314,2,12.6
38,59388,10536,648,5.2,0.404,0,9.1
33,18515,9141,694,3.5,0.574,0,5.9
51,109772,14310,624,3.3,0.105,0,7.4
48,60562,35361,730,10.8,0.081,0,10.6
24,64781,36514,638,5.6,0.155,1,5.5
37,46285,7370,657,2.7,0.161,0,4.4
42,23338,8513,650,9.6,0.396,0,10.2
48,64208,38296,721,5.1,0.314,0,7.9
49,39102,20580,713,0.9,0.31,0,15.0
43,60936,27882,523,2.8,0.083,1,14.3
46,44913,4996,695,5.1,0.064,0,5.9
41,53918,7235,575,1.1,0.337,0,6.8
33,35954,17870,660,6.4,0.263,0,13.8
37,69269,19965,674,7.2,0.128,1,11.7
40,30475,13233,659,10.3,0.249,0,9.3
40,120358,56519,710,6.0,0.128,0,12.9
21,119992,37329,723,2.9,0.046,1,2.7
36,94191,16172,634,0.9,0.146,0,9.3
41,81650,23952,631,0.9,0.232,0,3.9
37,47391,25379,678,4.4,0.252,0,11.2
38,78168,20757,587,4.4,0.341,1,9.2
45,47171,6195,651,1.1,0.135,0,12.6
29,26333,15262,761,6.3,0.328,0,11.2
24,89436,39382,590,3.5,0.264,0,3.1
37,76998,28522,660,2.1,0.401,0,9.3
48,48410,24910,644,1.6,0.45,0,5.0
57,30029,9176,800,13.6,0.063,0,10.6
48,38775,22976,648,0.8,0.338,0,4.8
25,23660,12511,651,7.3,0.383,1,5.1
38,71541,17189,618,2.3,0.25,0,7.7
43,25814,7371,681,17.1,0.357,0,3.0
42,54980,13078,696,1.0,0.518,0,4.0
45,34980,15030,627,6.7,0.263,1,9.8
31,27704,11626,739,11.8,0.202,1,12.8
41,53925,19480,696,12.0,0.258,0,1.9
44,42894,25004,731,6.7,0.354,0,4.6
48,68547,23041,660,6.0,0.272,1,8.8
32,29524,14522,695,1.3,0.255,0,2.3
37,36209,15536,667,9.7,0.169,1,6.0
18,18863,6773,767,0.0,0.242,1,0.0
34,20461,2477,687,5.2,0.074,1,7.0
35,100637,43148,681,5.9,0.226,1,5.3
30,112808,47526,653,11.8,0.285,0,2.7
42,50873,8264,649,1.4,0.37,1,22.4
39,35259,17557,694,6.9,0.393,0,4.5
18,43505,14509,729,0.0,0.255,0,0.0
42,69524,18220,639,0.9,0.016,0,9.9
31,39905,20430,688,1.0,0.164,0,6.1
45,53909,14646,691,2.7,0.473,0,5.3
27,48771,20041,702,2.9,0.095,1,2.8
40,39045,15968,578,2.5,0.374,0,12.0
37,39717,5020,625,3.0,0.309,0,12.6
43,55123,17166,598,3.0,0.047,1,6.2
41,33165,7011,682,5.1,0.033,0,4.7
37,58729,11733,626,2.2,0.513,1,3.7
25,40594,17353,650,4.0,0.133,0,6.5
25,51583,5453,608,4.9,0.143,1,4.1
34,85271,49844,656,3.6,0.16,0,7.7
40,45831,13644,613,6.8,0.271,0,8.4
34,70822,17663,725,13.0,0.234,0,8.4
46,23937,13404,709,1.3,0.271,0,3.8
37,40613,13944,689,2.0,0.274,1,4.0
30,49567,20182,662,8.6,0.6,0,6.2
37,105803,47392,558,6.2,0.188,1,11.8
42,22382,11990,653,9.1,0.243,0,8.4
43,47170,7777,634,8.2,0.489,0,3.6
59,87788,12363,695,2.9,0.378,0,8.5
33,35810,21374,717,13.7,0.251,0,0.3
39,45020,4702,699,14.0,0.167,1,10.4
44,55977,25419,756,2.1,0.38,0,12.9
40,52776,21402,646,12.5,0.468,1,5.1
35,91703,34506,643,13.4,0.588,0,7.2
25,58653,28911,742,6.5,0.086,0,4.0
35,83375,49711,690,8.4,0.084,2,3.3
29,42446,5240,665,3.8,0.279,0,11.3
23,36453,14846,791,2.8,0.349,0,4.1
32,44789,20531,715,3.8,0.637,1,7.1
30,30834,7800,669,1.6,0.529,0,9.4
46,59481,32502,639,7.0,0.284,2,7.7
46,42009,13800,760,4.4,0.249,0,2.6
31,37470,6828,692,1.3,0.16,0,6.3
37,59842,31549,681,2.8,0.551,1,10.2
21,31024,17729,721,3.4,0.293,0,3.4
35,66716,9991,733,7.0,0.2,0,6.5
44,40484,19264,713,2.5,0.265,0,11.1
48,77936,16172,733,16.5,0.164,0,9.7
33,41894,4330,707,6.4,0.144,1,5.2
51,63118,14537,713,1.7,0.362,1,14.6
25,52671,27782,636,3.8,0.349,0,4.2
28,66010,11261,789,1.2,0.215,0,5.0
47,51225,8469,606,13.7,0.369,0,7.0
57,25201,11832,699,9.3,0.109,0,9.4
45,73388,22250,600,2.6,0.218,0,13.4
40,47331,8247,674,0.7,0.22,0,5.1
18,67225,14453,646,0.0,0.173,0,0.0
20,64608,32130,688,1.8,0.138,1,1.8
41,35979,14810,701,12.3,0.281,1,11.5
36,33999,16335,623,0.4,0.316,1,8.6
29,63713,9486,678,8.6,0.319,0,7.7
41,43421,14288,764,4.8,0.444,0,2.4
41,71294,35544,601,21.2,0.131,1,9.3
49,45648,10631,629,1.6,0.445,0,5.4
41,73818,13626,732,10.0,0.35,0,12.4
52,58065,16891,685,8.8,0.121,1,7.5
40,55006,14669,689,1.2,0.419,0,2.9
39,42209,8135,741,4.0,0.505,0,3.6
51,53797,31039,632,7.9,0.186,0,19.3
30,78995,26981,649,2.7,0.396,0,9.7
68,47969,19381,641,2.7,0.425,0,5.0
44,60625,9734,659,10.8,0.423,0,7.8
44,49938,20226,760,18.0,0.511,1,6.2
45,51526,19459,578,10.1,0.462,0,12.3
59,97671,55279,608,1.4,0.345,0,10.3
48,79276,24271,598,0.1,0.629,1,24.5
24,50603,24848,764,1.8,0.597,1,5.9
54,53412,13465,643,8.5,0.532,0,3.3
37,37021,14419,660,9.3,0.339,0,1.8
41,45744,25776,583,3.7,0.609,0,1.3
27,55479,22887,664,1.8,0.085,1,9.2
45,68889,31384,732,4.0,0.137,0,7.4
33,66151,35588,695,0.8,0.204,0,6.2
41,31454,17700,674,6.5,0.096,0,3.8
37,72460,14792,586,6.0,0.202,0,6.7
59,47311,9364,660,1.7,0.355,1,10.2
60,33031,12395,689,10.3,0.016,1,6.2
40,83663,50010,620,5.3,0.236,0,12.7
41,88019,30373,719,2.4,0.692,0,16.9
36,54475,14461,733,6.7,0.221,1,7.8
51,65089,23994,648,20.9,0.316,0,5.9
37,66635,8809,724,0.9,0.641,1,5.6
36,85674,16158,673,17.8,0.306,0,7.5
50,65593,11443,749,5.3,0.116,1,7.7
35,28823,3285,802,8.0,0.593,0,8.4
40,109527,50503,614,8.4,0.312,0,2.4
24,75076,19725,726,2.5,0.095,0,6.2
47,39982,7367,758,3.6,0.274,1,8.1
59,32473,11564,622,13.2,0.074,1,10.0
47,59990,15701,645,14.9,0.045,1,10.9
55,43857,13004,645,4.4,0.326,2,13.3
32,55938,14419,672,13.5,0.137,1,8.6
42,65997,6731,659,4.8,0.569,0,11.0
31,39082,17359,668,9.5,0.293,0,8.6
38,31368,4873,730,2.7,0.192,0,13.1
48,57201,11988,566,9.1,0.499,0,6.8
41,39602,7729,622,4.1,0.109,0,5.1
26,51971,13808,720,7.9,0.222,2,7.3
27,28643,5159,713,7.0,0.403,0,8.8
26,44317,12120,616,8.2,0.388,1,5.3
45,65250,14461,714,6.1,0.557,0,14.6
61,62466,8158,760,5.3,0.515,0,8.8
54,35763,19143,677,6.0,0.118,0,11.6
21,30721,7766,620,3.0,0.17,0,3.0
54,49331,7283,732,3.5,0.203,1,7.7
49,61354,22134,783,24.3,0.895,2,2.3
25,57646,9318,627,6.5,0.17,0,5.0
37,39940,19433,682,19.0,0.077,0,19.0
51,55223,7223,745,1.8,0.504,1,2.7
46,89406,29711,687,9.4,0.392,0,12.5
27,53213,30433,575,8.9,0.13,1,2.1
46,25508,4578,707,13.9,0.054,0,16.1
19,53172,10671,621,0.6,0.212,1,0.6
38,111033,44439,604,3.8,0.278,1,4.2
51,29291,17280,576,3.6,0.761,0,4.4
40,49607,14531,751,3.4,0.228,1,7.3
35,44778,19000,630,6.7,0.142,0,2.0
49,50937,8973,700,5.9,0.261,0,13.0
50,52982,22289,715,4.0,0.234,1,4.8
53,77342,17505,690,4.5,0.434,0,3.0
49,50712,20622,698,5.4,0.364,0,11.8
51,81708,11793,703,0.5,0.235,0,1.7
47,46767,16952,688,4.2,0.165,0,6.9
43,42614,9320,634,3.2,0.4,0,3.7
41,37509,16536,629,1.7,0.114,0,9.1
38,23698,11229,674,1.9,0.108,0,13.1
28,54738,28687,672,4.1,0.052,0,1.9
30,111480,66464,706,7.0,0.39,0,12.4
37,58882,19412,746,7.3,0.402,0,6.3
42,64518,28084,701,8.1,0.315,1,3.4
54,41556,4538,631,7.3,0.34,0,3.2
40,44457,24564,549,3.6,0.174,0,6.3
50,72683,29645,634,1.8,0.236,2,1.7
51,109478,34012,599,2.3,0.071,0,6.2
38,88892,28193,636,4.9,0.626,0,6.7
46,67650,32404,695,6.0,0.237,1,9.5
38,49715,25689,685,9.9,0.784,0,12.5
53,53310,26866,791,14.0,0.29,0,10.0
46,36265,12885,709,3.8,0.23,0,14.9
28,27467,7844,795,6.1,0.189,0,3.7
42,31235,17890,723,8.3,0.062,0,8.8
56,50007,20858,745,5.4,0.02,0,9.3
38,43617,16218,658,2.4,0.261,0,14.7
44,27234,10871,616,2.8,0.313,0,9.2
45,48294,20039,653,10.5,0.365,0,4.4
30,43158,19703,679,4.0,0.318,0,7.0
45,30664,11548,642,4.3,0.549,1,8.9
26,42274,22730,620,0.5,0.241,0,2.5
34,43115,22845,705,12.4,0.25,0,15.7
51,38305,12301,620,8.5,0.295,0,7.1
44,71017,13086,588,1.3,0.417,1,19.6
37,22899,8892,613,7.8,0.592,0,2.8
44,22152,9090,666,8.2,0.078,0,3.9
39,49085,17754,621,16.9,0.095,0,9.5
40,50942,27778,666,2.6,0.072,1,5.6
47,57624,8442,716,7.4,0.38,0,12.2
33,39514,9630,714,3.3,0.155,0,7.4
40,33956,18095,640,3.2,0.318,0,7.2
37,48878,27846,602,14.8,0.135,0,7.0
24,41084,12858,645,6.1,0.531,0,3.0
31,91165,17898,719,1.3,0.426,0,7.5
56,43058,13355,733,1.1,0.325,1,3.7
44,47989,15744,701,8.0,0.391,0,20.0
27,131949,47473,752,4.7,0.199,2,1.4
25,45347,10755,784,2.3,0.5,1,6.6
39,61234,15695,651,8.1,0.365,1,8.7
56,63483,27158,769,7.3,0.537,2,9.5
38,65681,26988,664,5.3,0.082,0,11.0
53,55039,23725,741,5.7,0.201,0,2.2
44,52973,15290,723,2.4,0.16,0,8.9
45,51028,13687,561,7.3,0.16,0,6.7
27,38933,10737,622,8.6,0.04,0,6.1
49,55838,32140,607,1.6,0.437,0,11.8
37,110355,32844,573,10.3,0.106,0,13.9
49,79560,32068,733,2.0,0.219,0,2.7
32,55357,20007,804,9.0,0.392,0,7.0
42,69032,37147,665,4.6,0.337,0,10.6
44,34625,9853,731,9.2,0.284,0,7.4
38,44170,14005,769,1.7,0.143,0,13.3
44,71621,37343,692,5.9,0.217,0,4.3
37,88864,16038,678,9.8,0.529,0,12.7
34,36014,14303,665,6.1,0.185,0,5.7
56,40399,12118,712,8.5,0.202,0,3.7
50,117307,69551,732,3.6,0.354,2,7.5
32,50945,23470,708,8.6,0.195,0,6.4
46,101655,10702,706,14.7,0.174,0,2.5
33,53249,27676,677,3.5,0.149,0,7.1
28,54094,24428,584,8.4,0.153,1,10.2
50,43382,16506,734,2.8,0.329,0,14.3
23,71469,15585,603,5.0,0.493,1,5.0
49,84382,14738,717,1.4,0.277,0,4.1
37,32403,13421,725,7.1,0.297,1,8.6
38,42575,13623,612,5.4,0.212,1,2.2
44,70688,37522,644,3.6,0.369,0,9.8
46,46545,10761,807,3.5,0.464,0,9.3
32,40241,16851,675,5.1,0.29,0,4.1
47,73410,16475,607,14.3,0.171,0,5.6
41,76220,31872,728,6.4,0.357,0,8.1
27,40951,5085,634,0.8,0.167,0,9.3
38,53367,15789,565,1.1,0.215,0,11.8
54,30231,5633,711,6.4,0.077,2,2.2
57,34263,13807,625,11.1,0.067,0,2.1
47,51517,13310,699,2.5,0.26,0,1.9
28,49641,24114,631,6.1,0.127,0,8.3
45,33298,5238,722,11.2,0.091,0,10.4
49,36813,13919,691,6.8,0.324,0,5.8
47,32016,12705,525,5.6,0.138,0,5.5
48,58807,6531,703,4.0,0.219,0,3.6
44,22313,2633,663,4.6,0.12,0,10.9
39,32708,8312,765,8.7,0.319,0,7.7
34,23268,9413,704,9.5,0.337,0,9.1
21,57966,33696,725,3.0,0.402,0,3.0
43,23835,3465,637,2.9,0.076,0,5.6
42,49647,22420,633,0.3,0.249,0,6.8
46,94448,42158,678,3.6,0.541,1,6.4
27,95738,41621,658,8.6,0.211,0,8.6
46,23805,8524,760,16.5,0.341,1,3.4
61,55236,32225,671,2.1,0.169,0,11.0
41,33005,11581,607,8.4,0.262,0,4.7
39,30417,15791,630,3.0,0.08,1,5.5
43,46846,10834,738,13.6,0.336,0,8.2
60,80123,40314,670,10.0,0.104,0,10.3
30,62309,37278,667,6.7,0.651,0,6.2
42,36825,20440,744,7.1,0.075,0,3.2
32,64992,16380,625,12.6,0.333,1,14.0
35,19981,10451,546,0.9,0.374,0,2.4
40,36273,5355,629,4.9,0.002,0,3.3
53,35258,15473,695,1.8,0.584,1,14.7
58,50581,13711,665,7.0,0.313,0,12.6
44,45201,19406,586,6.0,0.356,0,15.4
36,46324,14181,741,6.7,0.244,1,4.7
65,45712,4778,690,1.6,0.402,0,3.9
36,49462,10666,703,11.2,0.263,0,11.6
34,60843,7374,705,9.0,0.147,0,3.1
22,52038,16321,602,3.6,0.306,2,4.0
54,43751,22752,698,9.5,0.233,0,2.5
50,57567,26999,734,0.4,0.099,0,4.6
64,68217,33730,748,1.9,0.077,0,3.6
26,39245,19764,723,5.0,0.15,0,2.8
55,47870,13689,711,4.1,0.125,0,7.2
41,78023,27543,576,13.1,0.098,0,5.3
48,31536,11171,679,8.6,0.254,0,8.9
24,100900,15801,623,5.5,0.299,0,3.2
55,28691,11450,757,1.3,0.419,0,4.5
48,42696,19644,748,4.1,0.415,1,2.2
40,33521,13592,623,1.8,0.241,0,5.2
46,117615,55630,677,6.7,0.656,0,11.6
32,40081,6391,695,1.3,0.141,1,10.3
34,40121,19287,734,6.1,0.324,0,6.3
35,42264,8625,579,2.7,0.14,1,17.4
21,50932,27422,547,3.5,0.211,0,2.3
49,42986,9563,682,5.1,0.378,0,12.5
52,46483,16083,528,1.1,0.443,0,3.4
33,11948,4106,690,10.7,0.364,1,6.6
43,50155,11757,716,10.8,0.202,0,9.5
37,49371,13866,754,9.2,0.159,0,4.2
43,74267,14319,643,3.5,0.3,0,4.7
34,82754,31864,690,7.9,0.393,1,12.5
31,45475,25307,719,11.5,0.211,0,7.1
51,67948,17551,609,4.7,0.321,0,2.5
39,31551,11170,735,4.8,0.143,0,5.4
60,66632,35377,696,5.6,0.438,0,4.3
40,38988,12720,644,9.3,0.202,0,2.0
31,30519,15737,688,6.2,0.335,1,2.5
52,45514,14710,672,8.3,0.466,0,8.1
46,85836,27478,727,4.5,0.312,1,3.6
47,52702,9414,658,4.4,0.37,1,20.5
52,89196,14493,694,8.5,0.404,0,8.4
33,36334,14742,643,3.1,0.444,0,11.7
39,74544,38291,624,2.1,0.388,2,1.7
38,37765,6333,690,3.0,0.249,1,8.4
27,53644,29775,626,4.2,0.468,0,7.3
37,53459,14939,728,5.3,0.286,1,9.2
53,63869,19967,716,3.5,0.214,0,1.0
42,54192,29656,634,3.8,0.276,0,17.3
27,36473,19993,693,6.9,0.486,1,6.3
24,69712,25266,634,2.7,0.401,0,6.3
57,97994,23360,584,9.1,0.43,0,7.0
39,38812,7218,644,2.4,0.368,0,4.0
34,23527,5547,677,5.2,0.393,0,15.5
37,59858,29349,711,5.0,0.307,0,1.4
25,42939,11263,689,7.2,0.319,0,5.0
54,46516,20806,734,4.5,0.192,0,5.2
36,61235,12100,621,10.0,0.613,1,4.0
54,40841,13855,657,8.5,0.163,0,5.9
41,44023,12153,779,3.3,0.21,0,5.0
54,47096,16569,564,12.3,0.438,1,3.5
43,88248,33973,653,3.5,0.358,0,6.6
49,49614,29544,616,4.1,0.199,0,7.4
47,29903,16445,668,7.4,0.263,0,22.1
46,30383,13610,654,3.8,0.354,0,3.5
43,51828,9167,716,1.4,0.531,0,8.4
38,31202,17458,695,4.2,0.377,1,8.3
59,26241,14335,602,4.1,0.492,1,11.2
31,63210,34345,645,2.3,0.296,1,10.2
40,64460,21885,680,5.2,0.13,1,1.8
40,42309,7842,724,5.3,0.184,0,5.7
44,55131,26309,826,7.0,0.195,0,3.3
36,52852,15552,722,1.9,0.261,0,3.7
43,62378,16985,619,2.0,0.169,0,2.5
38,62436,18443,674,9.3,0.115,1,5.7
24,17287,6561,691,2.3,0.249,1,6.2
40,44525,11877,649,6.4,0.419,0,14.5
29,60304,26833,708,4.4,0.017,0,7.0
23,41598,17632,544,2.8,0.767,0,3.8
41,49736,17628,713,12.9,0.259,0,7.5
45,66190,8405,651,5.3,0.174,0,9.1
45,50634,28774,673,3.2,0.239,1,13.3
46,89605,27406,768,1.1,0.241,0,3.4
21,76941,24985,604,2.7,0.323,0,2.5
26,46750,15335,696,2.3,0.419,1,7.8
60,45287,12794,728,12.2,0.368,0,6.5
30,15676,6855,690,4.9,0.167,1,5.4
46,43019,4601,583,24.4,0.558,2,6.3
33,28529,15313,761,4.1,0.211,0,3.4
41,53556,8099,667,2.2,0.04,1,1.6
34,52112,31260,648,5.4,0.649,0,10.0
46,64753,26811,661,3.1,0.155,0,9.7
41,85705,11409,657,0.6,0.3,1,2.7
36,48508,18492,609,9.6,0.622,1,6.1
29,122048,32422,690,6.5,0.159,0,9.4
43,53797,31015,644,2.6,0.503,0,8.7
28,29025,13866,720,1.9,0.311,0,4.1
44,39151,13840,711,2.1,0.28,1,7.3
66,42231,13298,778,5.2,0.149,0,3.1
54,62122,37145,667,18.0,0.267,0,10.6
47,33560,14555,632,4.4,0.212,1,5.8
39,43513,15533,592,1.0,0.242,1,7.5
21,45963,13742,812,2.3,0.232,1,2.6
27,40976,10748,720,5.7,0.299,2,5.8
53,67817,30701,638,2.7,0.166,0,8.3
32,63356,24959,782,1.6,0.193,1,10.8
33,78169,40968,761,4.5,0.35,1,3.4
38,42941,16179,599,2.3,0.342,0,12.2
29,79301,31020,635,5.9,0.524,0,4.8
28,28407,9621,672,6.1,0.043,0,8.5
39,28132,13540,616,7.5,0.372,0,5.7
31,30166,9276,674,8.4,0.315,1,7.7
33,49202,25879,723,2.6,0.338,0,11.7
32,79297,20896,598,9.5,0.046,0,6.6
45,38528,17196,698,3.8,0.56,0,8.2
38,40511,22139,750,0.8,0.251,0,13.7
38,44963,21786,704,8.7,0.303,1,4.9
46,61644,16724,675,12.8,0.087,0,3.8
39,40496,18351,640,4.3,0.168,0,11.2
37,39602,8059,730,9.8,0.16,0,5.9
45,28619,3694,609,4.5,0.433,1,5.4
47,39000,19332,695,3.1,0.486,1,12.3
39,78510,39570,682,4.6,0.2,1,4.1
41,50837,5667,748,5.0,0.22,0,8.6
32,36463,20926,645,5.7,0.251,0,14.2
31,80375,25957,650,3.9,0.251,0,3.2
48,38790,21437,605,8.5,0.144,0,15.2
44,86507,42742,706,7.2,0.097,1,5.2
45,85943,47297,655,2.1,0.471,0,5.4
43,50131,25902,628,3.3,0.184,0,2.4
40,26919,15801,634,8.2,0.438,0,7.7
47,122492,50779,712,4.4,0.108,0,3.4
49,57234,12227,614,2.7,0.176,0,8.8
49,43064,12695,619,4.3,0.325,0,6.2
39,71858,34200,734,1.3,0.243,0,7.6
54,64921,11587,670,11.7,0.186,0,9.6
42,82816,46784,737,5.1,0.482,0,17.4
46,37611,7622,658,3.1,0.109,0,6.6
43,55681,29956,680,1.2,0.244,0,8.9
42,30505,10429,689,15.6,0.314,0,8.1
33,63993,33296,763,1.1,0.339,0,7.5
47,48573,28131,758,6.7,0.436,1,2.7
68,54853,17063,749,3.9,0.201,0,4.0
36,46234,20727,642,4.3,0.245,1,2.8
41,44338,9460,621,4.7,0.228,0,14.2
36,34638,17333,726,3.2,0.45,0,14.3
35,67250,34295,763,5.0,0.158,0,9.6
55,88955,22027,750,5.6,0.43,0,11.3
33,39235,4397,681,7.8,0.118,1,2.9
35,61170,19305,724,7.2,0.111,0,8.9
24,58272,10780,725,2.1,0.15,0,4.5
32,49180,25046,689,2.5,0.365,1,3.4
23,26618,6137,692,4.9,0.193,0,4.9
46,29125,16655,686,3.5,0.12,0,8.8
68,35868,21015,633,6.4,0.17,0,3.1
36,20835,11551,639,10.9,0.189,1,13.4
23,86095,34422,638,5.2,0.313,0,5.3
49,56788,13272,584,2.0,0.285,2,9.9
33,48437,24394,689,2.1,0.405,0,4.9
53,20413,9202,678,3.9,0.385,0,7.7
37,23634,13911,726,3.9,0.188,1,10.2
34,48975,14135,756,1.8,0.021,0,3.2
38,107818,13950,759,2.4,0.217,0,15.5
48,37069,22212,765,7.3,0.348,0,9.7
38,69253,35951,635,9.6,0.236,0,8.2
35,40459,8526,594,3.6,0.152,0,1.3
38,50116,23194,736,0.1,0.272,0,6.6
27,79688,7996,763,6.9,0.391,0,9.3
44,42686,16174,773,0.9,0.401,1,1.5
22,37196,10468,709,1.4,0.404,1,4.1
36,86442,25126,560,4.2,0.271,2,2.3
48,49922,11096,702,11.3,0.188,0,7.7
43,75848,18008,713,8.1,0.377,0,16.0
46,37268,12199,755,7.5,0.286,0,8.4
39,86049,19281,766,4.3,0.492,0,10.6
52,54691,18224,735,1.6,0.477,0,11.3
49,58333,22672,645,10.2,0.23,1,9.1
44,51671,23539,618,1.7,0.385,0,3.8
49,40047,17564,712,6.3,0.079,1,5.7
48,48988,10826,632,5.5,0.123,1,3.9
36,41067,4911,769,1.5,0.393,0,15.1
27,71957,37154,578,0.9,0.447,0,5.8
44,45197,24232,714,7.5,0.123,0,11.9
45,26941,15880,699,4.9,0.125,0,9.8
51,25040,14520,668,10.1,0.056,0,7.5
31,24571,10244,624,6.1,0.61,0,3.7
31,62767,34342,556,5.5,0.347,1,4.3
45,30927,10021,648,0.6,0.125,0,4.7
39,55273,27286,649,5.4,0.335,0,2.9
21,51773,29908,747,3.1,0.161,0,3.1
44,47768,23795,633,6.1,0.069,0,9.5
21,58417,17986,707,3.5,0.219,0,3.5
31,52225,15087,602,4.4,0.787,1,1.8
54,16583,4076,709,4.2,0.383,0,6.1
58,43069,12211,546,2.8,0.361,0,6.4
28,58107,29651,806,7.4,0.117,0,7.1
37,94477,42586,672,18.7,0.2,1,7.2
40,96238,21648,512,1.6,0.542,0,1.7
58,28417,12952,637,2.2,0.315,0,9.1
35,42621,12347,627,7.4,0.131,0,2.8
35,26201,9927,641,3.8,0.514,1,5.0
55,90035,25677,658,3.2,0.386,0,8.8
36,73507,26523,640,0.9,0.092,0,8.9
47,56401,26221,631,2.3,0.15,1,7.6
25,52388,24390,610,2.0,0.494,0,7.2
38,85157,40585,729,1.0,0.229,0,5.7
23,79581,23518,752,5.4,0.502,0,5.4
29,77903,34686,665,5.2,0.558,0,10.8
48,58846,12908,679,22.0,0.276,1,3.0
40,42630,14439,612,5.6,0.246,0,15.3
37,66626,26088,684,1.7,0.044,0,10.1
33,67942,30115,694,6.0,0.194,0,4.7
38,45422,25254,667,7.0,0.121,0,11.1
43,42595,10750,704,3.0,0.222,0,3.3
50,77136,40315,699,6.8,0.368,0,14.0
18,95382,24376,617,0.0,0.172,0,0.0
32,36324,13656,752,2.4,0.1,0,2.8
42,44119,22679,668,7.7,0.289,0,4.1
39,56408,26037,781,5.8,0.253,0,4.3
44,59554,31649,705,4.9,0.217,0,8.0
43,39777,20185,798,5.2,0.493,1,10.6
37,104131,24801,751,1.7,0.165,0,2.2
35,58037,34617,694,11.9,0.342,0,14.5
38,60631,34468,637,3.8,0.287,0,8.9
51,99067,31215,638,3.5,0.327,0,18.1
33,40961,5063,712,6.2,0.587,0,6.5
39,47317,11912,689,19.9,0.36,1,15.4
42,29693,15383,645,8.0,0.211,0,19.0
56,45755,26329,730,3.8,0.24,0,4.3
37,27023,13939,682,6.1,0.26,0,4.0
50,66114,19727,730,6.1,0.133,0,5.5
52,57988,7438,621,4.8,0.399,1,5.3
39,43878,15743,740,1.8,0.358,0,7.9
38,47091,13571,710,8.1,0.213,0,5.4
37,66475,10735,752,3.3,0.168,1,11.1
37,31122,4759,739,2.6,0.285,0,9.4
49,53192,9389,675,3.6,0.177,1,4.1
42,64848,13158,670,9.7,0.349,0,6.4
42,24031,11460,787,3.2,0.121,0,11.4
29,64471,18752,663,4.5,0.398,1,8.4
30,25094,7992,725,12.3,0.18,0,9.8
61,46768,18669,657,3.4,0.513,0,4.0
38,30781,17855,568,4.3,0.198,0,6.9
32,86899,41558,606,4.8,0.283,0,3.1
54,30858,13049,704,3.4,0.102,0,7.4
43,25335,11956,722,4.3,0.216,1,6.2
46,51707,23767,705,5.2,0.279,0,7.7
39,41544,18492,749,3.3,0.329,0,3.8
37,26854,9351,703,0.9,0.511,0,8.9
38,60496,23195,633,1.3,0.076,0,11.6
26,22101,7310,716,4.6,0.479,1,1.4
39,32387,9634,690,13.1,0.319,0,2.6
43,38945,9167,645,3.8,0.08,1,4.3
59,67568,18757,708,5.8,0.544,0,5.5
41,82305,25866,685,10.2,0.306,0,4.7
18,76200,29694,644,0.0,0.231,0,0.0
39,46106,16134,669,4.7,0.511,0,7.8
67,18566,2859,765,4.3,0.045,0,7.5
49,57316,15475,763,2.7,0.423,0,4.7
32,88277,25432,691,8.0,0.081,0,8.5
46,80299,36413,683,9.8,0.276,0,6.1
33,58993,15719,594,0.0,0.306,0,14.6
26,30461,3167,783,8.0,0.192,2,2.3
37,39731,5648,742,7.1,0.105,0,3.9
41,106247,37027,725,3.6,0.177,0,5.7
21,27814,5403,544,2.8,0.335,0,3.3
29,30973,10757,682,6.4,0.435,0,10.2
40,71469,27666,672,1.3,0.114,0,8.9
36,41255,23380,721,3.7,0.116,0,2.7
44,30555,13071,653,5.8,0.261,0,4.4
28,90327,10435,666,9.9,0.131,1,6.1
47,58949,17117,717,14.1,0.119,0,11.0
28,42078,20901,634,1.9,0.069,0,6.4
56,30998,7138,646,6.1,0.393,0,9.3
23,111186,62541,692,4.8,0.505,0,4.8
29,48544,17694,760,7.3,0.207,1,9.4
44,85728,12535,729,4.2,0.468,0,4.2
57,70084,15477,745,7.6,0.173,0,10.3
43,39801,22016,684,5.7,0.385,0,9.0
46,39928,23786,770,3.0,0.288,0,15.1
40,87424,46467,576,7.7,0.21,1,5.2
30,87993,22908,801,4.3,0.133,2,7.5
35,23138,11208,809,5.0,0.224,0,3.0
28,61078,12894,707,2.3,0.097,0,2.2
27,46701,13649,730,3.9,0.074,0,9.2
44,32425,14545,678,11.0,0.219,0,8.4
29,54432,31813,667,3.1,0.354,1,2.1
43,28571,9131,643,14.1,0.295,1,8.9
27,40677,14152,677,5.2,0.205,0,5.2
43,35618,7483,713,5.9,0.357,0,9.3
35,40138,12106,705,2.6,0.501,0,10.6
54,47639,6265,799,8.0,0.29,0,7.9
43,32656,17284,686,1.2,0.196,0,5.6
52,91975,10271,591,4.0,0.345,1,6.8
32,59713,26379,779,2.7,0.13,0,9.5
41,100491,23777,607,1.4,0.522,0,10.3
30,45980,15544,646,7.3,0.118,1,4.1
36,39359,9477,696,4.1,0.101,0,2.6
37,99049,29718,705,5.0,0.256,0,3.1
33,38901,14525,593,2.8,0.255,3,5.8
28,45647,19192,635,8.4,0.256,1,9.8
26,65383,37278,591,5.6,0.294,0,6.0
18,29879,7951,717,0.0,0.357,1,0.0
29,65155,25569,751,2.9,0.175,1,7.8
46,61904,34100,607,2.9,0.195,1,6.4
24,81449,19964,740,6.0,0.138,0,6.0
26,69984,37268,736,8.3,0.132,1,3.6
58,82454,47722,640,3.2,0.308,0,8.2
34,46903,24565,561,0.4,0.475,0,7.7
43,34715,13363,616,1.7,0.528,1,9.1
46,114005,52563,644,11.0,0.496,0,11.3
47,26617,9064,773,3.8,0.09,0,1.6
25,27706,11044,673,6.8,0.226,0,4.5
38,61454,36088,620,1.9,0.133,0,6.1
24,93901,21180,689,5.8,0.123,0,4.4
64,52882,26244,602,7.0,0.205,1,7.3
24,73110,25816,711,1.3,0.148,0,6.1
30,22063,4158,621,1.3,0.386,0,2.9
30,40142,16931,630,3.9,0.242,1,9.4
25,23166,11495,703,7.0,0.235,0,3.4
54,66981,25746,785,6.2,0.738,0,7.4
64,26400,13694,812,4.2,0.3,0,3.2
35,29404,8319,618,4.1,0.436,1,7.4
27,60211,33531,644,0.6,0.307,0,6.1
18,74961,31796,711,0.0,0.274,0,0.0
38,46001,23073,750,1.1,0.33,1,7.6
37,61579,14563,550,6.2,0.118,1,10.7
33,60786,19638,685,1.7,0.189,0,5.0
42,44974,24952,651,10.8,0.448,0,2.8
44,31638,3969,565,5.0,0.633,0,5.8
43,61449,18557,600,2.3,0.05,0,10.9
37,62645,30706,646,9.7,0.257,0,1.1
29,70095,33078,684,1.5,0.188,0,2.7
47,55538,29203,740,1.5,0.06,3,6.0
40,30718,14428,701,2.2,0.175,0,11.5
49,64611,37057,737,9.7,0.03,0,4.6
48,48994,17105,682,15.1,0.48,1,5.8
26,40413,16656,638,1.1,0.129,0,4.3
26,43571,22825,669,7.7,0.122,0,5.1
32,37194,16769,722,7.5,0.256,0,9.6
29,69950,10564,742,3.3,0.129,0,10.5
48,27799,7881,671,7.0,0.204,0,10.0
44,32945,12397,624,9.9,0.238,0,9.1
51,42980,20517,700,2.3,0.074,1,3.3
44,93480,34754,709,9.9,0.332,0,15.3
42,74736,36529,754,4.7,0.145,0,14.5
52,25429,13193,639,1.0,0.335,0,6.1
45,84165,19574,640,7.4,0.183,0,11.2
41,84101,34317,725,12.7,0.071,0,1.5
55,30650,11603,656,6.5,0.045,0,11.9
41,17880,3820,653,1.9,0.27,0,7.2
37,47625,16428,755,6.5,0.541,1,3.5
32,76801,28745,598,5.8,0.13,1,12.2
47,92643,47125,803,7.0,0.093,0,14.3
52,34602,11436,643,1.0,0.391,0,1.7
39,98794,13876,732,1.1,0.508,0,10.0
53,20107,6910,673,3.0,0.302,0,12.1
20,42310,21958,696,2.3,0.104,0,2.3
39,41486,15998,664,7.7,0.096,0,1.4
40,77725,20164,731,9.3,0.566,0,2.3
33,82398,46183,659,7.1,0.549,0,2.5
64,71804,12769,646,8.2,0.377,1,9.5
39,28561,7524,789,5.7,0.023,0,14.9
36,69220,22051,682,4.2,0.436,0,8.3
40,60091,28182,639,7.6,0.387,0,4.8
20,25122,13010,591,1.7,0.108,1,2.0
32,21444,2772,792,2.1,0.224,0,14.4
50,74250,36829,647,1.5,0.355,0,15.7
34,45614,20994,804,5.4,0.347,0,3.5
32,29317,16046,704,1.7,0.276,0,2.8
53,45104,24817,689,0.4,0.416,0,2.1
53,56705,27715,690,1.3,0.035,1,2.7
45,47423,9252,813,12.7,0.627,2,1.6
35,26350,6770,548,5.5,0.303,0,11.1
38,104216,59211,693,9.7,0.162,0,8.2
32,73254,29235,664,1.1,0.319,1,14.0
30,42867,15834,667,6.8,0.479,0,6.4
30,43563,24302,689,1.6,0.231,1,6.9
34,56602,30401,664,6.7,0.301,2,0.9
30,31199,14469,691,9.3,0.098,1,11.7
24,55774,30181,679,6.4,0.471,0,5.1
42,28788,4517,601,5.0,0.426,1,3.5
42,47657,22817,703,12.3,0.516,1,7.9
57,30717,17902,723,8.6,0.471,1,6.2
33,31344,3902,647,2.5,0.212,1,7.7
43,94683,20028,792,1.6,0.524,0,15.8
43,50196,24947,760,20.9,0.37,0,4.1
37,53261,19175,731,2.7,0.633,0,4.2
47,21926,3142,730,4.4,0.295,1,10.5
48,38607,9033,682,2.0,0.222,0,4.3
43,58952,15447,748,8.3,0.504,0,25.3
37,52979,13803,774,2.2,0.428,1,5.9
36,20710,11159,728,4.9,0.068,1,8.1
26,53255,22954,646,6.5,0.381,0,8.3
32,56762,26534,678,2.8,0.241,0,7.1
34,81921,8748,714,6.4,0.371,1,6.1
29,37719,11834,730,10.8,0.402,0,10.8
44,19994,5177,675,5.7,0.108,0,4.0
52,32902,17305,646,7.8,0.57,0,8.0
31,31608,18236,775,3.5,0.305,0,3.4
43,65820,20514,616,3.3,0.302,0,10.9
30,16536,9699,624,1.5,0.134,0,5.9
37,40973,4391,600,5.4,0.254,0,8.1
33,86709,22792,623,9.8,0.541,0,13.0
46,49162,23965,755,7.5,0.268,0,3.7
33,70160,19648,757,3.3,0.631,1,8.9
50,25420,14247,676,3.8,0.243,1,11.0
38,25828,5404,710,14.4,0.089,0,10.2
34,87107,43365,679,6.9,0.343,0,5.8
27,51046,10253,608,8.4,0.304,0,2.5
43,51088,10144,813,9.2,0.108,0,13.2
49,31343,10120,762,3.4,0.059,0,2.5
43,51037,29217,701,3.1,0.09,0,2.2
62,30996,12173,629,3.4,0.281,0,6.6
54,78806,32903,667,3.0,0.239,0,4.4
37,145966,15307,638,12.5,0.305,0,8.4
37,59491,7633,686,4.2,0.101,0,10.6
45,38026,5075,699,11.3,0.348,0,5.8
32,17793,9071,660,4.3,0.056,0,13.6
52,24990,5458,593,4.5,0.175,0,3.9
44,91304,24142,808,0.7,0.331,0,1.9
43,32478,13153,694,3.2,0.408,0,6.5
47,42263,16566,707,12.7,0.064,0,6.9
57,63712,19449,655,12.4,0.241,0,9.3
42,88691,9060,586,3.1,0.168,0,5.2
39,45259,14700,675,0.4,0.15,0,2.4
55,41695,19573,661,2.1,0.132,0,7.1
50,50445,10978,723,3.1,0.346,1,8.4
37,38137,17321,734,3.1,0.227,0,7.4
40,38967,4192,726,3.1,0.272,0,8.6
42,57800,32022,739,4.9,0.333,0,7.9
44,52792,30356,788,1.9,0.395,0,7.4
26,114995,11641,703,4.4,0.23,2,4.8
25,58427,19217,746,6.0,0.295,0,4.6
31,77688,23843,710,3.3,0.332,0,13.1
30,31936,16637,566,5.1,0.33,0,3.6
34,60480,22399,671,14.1,0.356,0,15.6
46,36710,14893,628,7.8,0.223,0,4.3
38,57422,11556,694,7.0,0.27,0,14.2
42,64564,8944,633,3.6,0.019,0,10.8
28,50008,22312,716,3.0,0.132,0,9.5
35,128403,52689,739,4.6,0.121,0,0.6
46,86785,44795,752,6.9,0.341,1,4.7
46,78503,41006,777,5.7,0.294,1,7.7
33,66550,27653,579,5.3,0.497,0,11.4
42,99245,36639,608,8.7,0.328,1,6.5
62,27590,15368,850,6.6,0.298,0,2.8
40,84805,42456,741,8.3,0.246,0,6.8
33,32975,17846,693,2.2,0.229,0,8.6
38,39115,23388,682,1.6,0.127,2,5.9
41,61363,18516,677,13.3,0.079,0,15.7
38,80281,36806,564,0.4,0.266,0,7.1
40,30902,13721,634,1.8,0.493,1,11.8
26,39934,7470,673,3.5,0.365,0,4.7
30,50971,21320,637,11.2,0.335,0,10.1
39,45499,14289,645,1.6,0.572,1,4.2
38,68983,22441,834,0.8,0.294,0,10.3
34,193759,36828,665,2.3,0.207,1,5.8
38,57973,27385,697,3.2,0.427,0,2.8
41,36531,16401,695,5.1,0.195,0,5.3
49,29185,10686,715,7.1,0.125,0,3.8
39,43041,7677,651,8.9,0.247,1,5.5
44,33654,12736,755,1.2,0.141,0,2.9
35,59102,8869,707,0.3,0.392,0,2.5
46,58736,15840,603,5.0,0.072,0,3.6
44,40731,11656,674,1.5,0.385,0,1.7
49,108443,58745,670,2.9,0.395,0,12.7
47,36528,11242,667,3.7,0.333,0,6.7
46,46734,18658,711,3.1,0.453,0,7.2
39,63302,34018,718,0.7,0.337,0,5.6
42,70040,21914,711,5.4,0.098,0,3.2
51,81718,44279,700,16.7,0.497,0,8.6
33,58186,9789,685,4.4,0.223,0,8.0
34,74635,21079,551,15.7,0.523,0,3.4
42,37570,5536,727,0.4,0.314,0,10.5
44,70773,26927,709,2.3,0.583,0,2.9
32,70396,40734,621,13.8,0.329,0,7.0
39,89783,38470,697,2.2,0.215,0,11.4
39,25150,10388,719,5.6,0.116,0,14.0
18,34103,8153,750,0.0,0.094,0,0.0
38,68136,38534,711,3.6,0.552,0,4.0
38,16974,5699,699,8.9,0.362,1,2.2
38,59683,13936,737,4.6,0.206,0,5.3
54,74901,44480,662,7.9,0.167,0,5.2
28,38927,12128,705,9.8,0.625,0,9.8
32,41271,11793,643,9.1,0.348,0,7.1
18,31899,3748,747,0.0,0.418,1,0.0
35,39790,7526,583,17.2,0.096,1,10.4
36,40254,20312,729,6.9,0.115,0,11.5
35,37304,12734,681,3.9,0.053,0,7.6
51,36495,21074,738,1.5,0.46,0,10.5
49,43985,6243,633,4.9,0.474,0,6.5
41,43772,17858,685,2.5,0.36,0,9.9
36,103741,47720,684,1.1,0.194,1,4.7
50,41870,17191,706,1.6,0.455,0,0.7
40,56256,20530,617,0.9,0.127,0,14.3
32,38919,15145,718,3.4,0.2,1,3.0
23,38722,17223,569,4.2,0.43,0,4.8
36,24791,13180,640,6.3,0.442,1,17.6
48,26146,7012,586,6.8,0.189,0,14.6
63,30248,9977,730,3.0,0.089,0,4.0
41,52758,22051,704,3.3,0.315,1,5.4
32,75393,19384,707,5.4,0.265,1,4.9
28,23989,4543,768,1.7,0.201,0,4.1
46,39355,22947,661,7.6,0.105,0,4.7
22,28374,5600,717,3.5,0.209,1,4.4
46,44103,9542,684,8.6,0.223,0,5.6
48,75381,30857,675,5.0,0.276,0,3.3
44,40997,5686,758,3.9,0.517,0,2.0
38,48098,5629,805,10.3,0.334,0,11.0
46,87736,11582,654,1.1,0.047,0,7.4
42,58874,9516,730,6.0,0.371,1,6.8
32,36169,11379,699,13.3,0.299,0,1.0
59,52238,26883,700,5.2,0.069,1,3.4
36,35206,9540,695,4.4,0.276,1,6.9
48,58000,18198,660,8.7,0.128,0,8.7
18,60243,24105,465,0.0,0.328,0,0.0
53,28371,7123,772,3.7,0.396,0,6.7
55,52578,16629,638,1.5,0.111,1,7.8
40,46769,13711,666,2.8,0.527,0,3.7
46,60954,16515,667,7.3,0.253,0,12.5
46,68360,20111,633,3.8,0.235,0,2.8
34,59336,6263,694,2.1,0.101,0,7.9
45,43422,23584,677,10.6,0.165,0,5.0
32,71206,41917,637,9.7,0.17,0,9.2
34,34571,18366,689,2.3,0.006,0,6.6
51,28906,2974,678,9.6,0.361,0,11.8
50,13655,6492,736,7.1,0.074,0,3.3
33,47665,18425,600,5.4,0.133,0,5.0
33,35291,5191,632,13.9,0.484,0,9.3
34,57475,32555,724,6.0,0.415,0,7.2
47,22281,10876,642,2.5,0.027,0,9.4
30,37840,6533,626,3.5,0.399,1,10.3
44,59166,34436,645,1.0,0.097,0,10.0
47,32470,5296,674,7.0,0.354,0,7.8
39,57740,18901,674,13.8,0.146,0,10.2
50,39230,7041,667,6.1,0.173,0,6.2
37,48382,8471,618,5.4,0.189,0,8.9
38,62197,36317,726,8.5,0.259,0,3.1
30,71763,27705,760,7.6,0.181,0,7.3
50,50868,11679,565,10.8,0.367,1,7.6
32,35397,17281,587,4.6,0.226,1,14.3
43,40814,21943,740,6.5,0.469,1,5.8
39,63246,35342,774,4.4,0.421,0,2.6
29,32581,18457,552,1.5,0.039,0,2.5
34,45651,25235,729,1.8,0.422,1,15.2
54,42009,17621,778,2.7,0.018,0,13.6
42,47035,12758,628,1.4,0.326,0,8.2
30,32738,18424,775,5.3,0.554,0,2.1
43,23370,3768,669,8.9,0.907,0,8.2
39,60373,11133,699,3.0,0.202,0,8.7
75,72089,22846,637,0.8,0.181,1,6.8
43,23936,5788,740,2.4,0.533,1,8.2
36,56816,23173,730,3.8,0.054,0,5.3
54,75605,41783,783,8.5,0.273,1,2.1
22,62216,21497,766,3.6,0.413,0,3.6
41,41495,15641,679,4.9,0.395,0,8.0
60,33611,10472,850,6.7,0.373,0,13.6
39,50635,22977,761,9.5,0.304,0,9.9
23,54128,8138,712,4.7,0.298,0,3.9
36,50936,6331,620,3.0,0.276,0,1.8
55,45613,19188,588,4.6,0.34,2,8.5
44,31791,11681,593,3.0,0.36,0,6.8
32,58051,17629,624,6.5,0.152,2,7.1
33,59180,15801,763,0.8,0.112,0,8.1
34,53121,6688,709,15.9,0.399,0,1.6
44,51246,22563,643,7.0,0.29,1,6.1
53,95961,29818,672,6.2,0.365,0,3.9
51,38187,12320,665,2.5,0.311,0,7.4
45,81844,44746,728,3.4,0.245,0,4.1
27,36548,17133,627,1.4,0.162,1,5.3
27,76388,16020,701,2.4,0.165,0,5.1
45,80286,34409,698,9.5,0.569,0,5.3
27,43599,7243,629,1.0,0.404,0,8.5
38,95262,18770,775,18.2,0.569,0,5.1
43,59137,27030,662,10.8,0.154,1,11.0
29,34513,5624,620,6.1,0.169,0,1.2
30,42207,10134,731,2.2,0.233,0,4.2
39,77119,42341,683,7.9,0.182,0,1.5
45,70914,33270,705,7.3,0.253,0,9.6
51,32106,18131,609,2.9,0.559,1,6.3
46,46365,25080,729,6.9,0.204,0,5.7
41,53178,13629,810,3.8,0.231,0,4.5
33,40013,16653,604,0.7,0.366,1,10.6
29,125884,36424,701,1.5,0.344,0,7.6
35,53824,24143,633,10.5,0.591,0,4.6
44,47824,13115,841,3.3,0.382,0,18.6
43,78932,7945,754,2.6,0.172,0,5.2
19,42358,6225,697,1.0,0.241,0,1.0
32,73348,35611,606,0.5,0.168,0,11.8
52,25157,3572,621,4.8,0.292,0,4.7
41,40886,16343,725,5.5,0.277,0,3.6
26,74580,39445,598,7.7,0.152,1,7.8
64,91865,43227,600,1.8,0.192,0,8.1
40,35979,11035,681,2.9,0.098,0,4.5
44,34340,7016,688,5.4,0.279,0,4.3
44,61511,34524,703,2.0,0.532,0,10.2
36,38207,14641,654,5.8,0.244,0,7.0
33,44027,13328,735,5.3,0.437,1,10.3
61,69603,39745,628,0.4,0.488,0,6.1
50,39433,8183,718,9.3,0.244,0,3.2
48,22333,7172,693,2.0,0.282,0,8.1
46,29131,4496,716,4.9,0.252,0,8.7
30,49216,7995,751,12.0,0.086,1,5.6
53,23263,6963,653,2.3,0.179,0,6.1
32,43527,19580,640,6.7,0.342,0,3.6
43,28090,7569,579,18.8,0.152,0,2.4
24,94464,42018,559,5.6,0.302,1,5.6
20,116548,58576,669,1.6,0.279,0,1.6
43,32104,17297,674,1.6,0.336,1,7.9
32,54323,6647,615,13.4,0.419,0,10.7
20,33384,16254,628,0.7,0.248,1,2.1
45,43316,7518,771,7.1,0.338,0,9.9
61,100850,45295,733,4.8,0.12,0,12.5
54,40673,11626,604,3.7,0.105,0,1.9
37,43721,19845,653,3.2,0.202,0,8.8
40,33624,6957,704,7.6,0.344,1,7.1
49,77534,32758,642,2.5,0.292,1,7.1
51,13289,2163,631,3.3,0.184,0,8.8
37,41064,7592,660,7.2,0.373,0,2.6
40,48129,19600,745,10.4,0.308,0,13.6
43,37630,10099,751,4.4,0.402,0,8.3
46,69246,31291,636,13.7,0.118,0,1.7
39,79286,35090,708,5.5,0.113,1,9.2
39,27867,11448,680,5.1,0.115,0,1.8
54,113255,52694,620,25.4,0.112,1,10.7
52,27742,13787,662,6.4,0.206,0,10.6
45,82080,45613,604,17.3,0.098,0,3.1
57,52048,7300,750,23.9,0.445,1,2.1
36,40075,15460,773,1.7,0.217,0,8.6
56,41617,19742,655,2.5,0.523,0,1.9
45,48368,10083,641,0.9,0.158,0,5.6
73,53283,12351,743,8.0,0.578,0,14.7
28,33926,7921,753,8.1,0.399,0,5.9
33,44642,17239,613,3.0,0.097,2,10.5
44,36016,10196,671,0.4,0.38,0,12.9
44,30151,13057,676,6.7,0.565,0,11.9
60,35351,14321,634,1.0,0.726,0,7.3
33,30946,13262,703,4.1,0.105,0,3.9
49,41437,9371,638,8.4,0.096,0,12.9
52,58279,28189,648,5.4,0.305,1,0.1
47,51446,22226,674,10.4,0.37,0,1.0
30,107984,17852,591,3.9,0.419,0,2.5
54,20248,4051,557,2.6,0.058,0,7.1
52,59144,14815,735,2.1,0.092,1,14.4
46,49147,27916,636,8.2,0.117,0,12.6
42,67932,17878,808,4.5,0.048,0,5.7
42,65289,7178,798,2.5,0.052,0,10.7
39,45890,7839,650,6.4,0.183,0,6.4
46,52526,6098,820,0.8,0.288,1,5.0
40,36402,10972,736,5.0,0.175,0,8.7
32,62660,31241,641,6.0,0.171,0,5.8
30,23120,7519,525,6.6,0.053,0,8.4
32,66885,34747,721,13.8,0.479,0,11.3
42,48569,6011,682,3.7,0.497,0,9.4
40,40343,13509,706,6.0,0.125,0,3.0
42,44667,22045,666,6.8,0.449,1,4.3
45,45997,20117,611,4.6,0.567,2,14.5
34,82365,43358,654,1.5,0.406,0,10.8
55,178688,42334,722,8.8,0.243,1,7.3
37,79853,27983,659,0.4,0.695,0,5.2
36,39100,17143,658,1.6,0.384,0,10.5
45,63064,11619,589,3.6,0.48,0,4.7
22,64173,32593,685,1.6,0.262,1,3.6
32,33858,8659,613,5.0,0.366,0,6.1
50,29604,4342,735,11.1,0.239,0,7.4
23,47796,23078,636,4.6,0.203,0,4.6
51,67716,30642,662,4.6,0.025,1,9.8
55,25726,13940,810,6.4,0.138,1,1.4
36,36741,20062,662,5.0,0.114,4,2.8
43,61640,14748,654,4.4,0.153,0,5.7
51,49846,20969,715,4.4,0.395,0,7.0
35,86380,51790,573,15.5,0.411,0,13.3
49,27874,6185,755,0.5,0.15,1,11.1
33,125601,42257,740,9.3,0.496,0,2.3
35,26497,14708,711,2.2,0.492,0,7.5
32,21771,3299,477,4.0,0.147,0,6.8
43,47879,27010,664,1.5,0.396,0,1.9
52,31139,10714,604,1.4,0.38,1,8.5
38,48267,26379,747,10.4,0.166,1,7.6
27,47596,19547,743,2.7,0.335,1,9.3
29,45328,19750,703,4.9,0.464,1,7.0
44,34998,17026,608,7.0,0.206,1,3.9
58,58283,7785,770,13.8,0.464,0,7.0
44,43177,17870,664,1.5,0.521,0,3.0
36,76227,42837,788,14.4,0.616,0,5.7
48,45609,26365,696,5.8,0.209,1,3.6
38,33328,19469,710,5.6,0.073,0,13.1
36,24957,10555,652,3.7,0.128,0,6.2
30,45760,19065,764,3.2,0.487,0,3.6
54,29505,11101,717,0.9,0.291,0,15.1
18,28567,11535,767,0.0,0.53,1,0.0
48,60535,24581,691,1.3,0.465,0,4.1
35,24075,2918,677,2.9,0.657,0,5.3
36,86239,12456,716,10.4,0.3,0,10.1
57,52255,21409,767,4.4,0.546,0,8.6
33,48169,12385,741,1.7,0.116,0,7.4
33,32406,8125,688,8.9,0.106,0,2.8
39,66553,13092,569,3.3,0.422,0,14.5
44,48964,24508,729,2.8,0.521,1,10.9
36,37256,21689,594,1.4,0.548,0,17.6
24,53100,21977,682,3.1,0.248,0,6.3
31,25006,14321,673,3.6,0.468,1,6.5
53,25486,13812,595,6.9,0.223,1,1.3
41,31317,6544,702,2.4,0.351,0,5.7
45,56377,9965,809,11.9,0.295,0,2.1
37,48957,10075,661,10.6,0.144,0,5.4
33,74577,11045,726,10.6,0.207,0,12.2
57,33928,13281,821,5.5,0.126,0,8.5
38,61689,14887,732,8.5,0.126,0,12.8
36,46838,26063,641,7.9,0.082,0,10.5
51,33617,13672,694,9.8,0.375,0,5.7
33,57189,16002,709,10.5,0.538,0,3.0
34,47743,28279,766,8.2,0.506,1,10.8
40,38115,21977,753,8.3,0.109,0,6.3
40,49851,24393,514,7.7,0.402,0,11.8
43,46546,23079,629,8.3,0.427,0,7.7
61,46098,27135,676,5.1,0.331,0,8.6
43,41563,16635,619,2.9,0.368,0,10.3
18,29086,15707,458,0.0,0.291,0,0.0
43,50509,6688,636,1.4,0.241,0,6.1
40,35558,13406,680,1.9,0.304,0,6.3
40,32594,11449,648,10.0,0.123,0,10.0
42,44521,5292,620,13.1,0.121,0,4.1
40,65750,9434,682,8.0,0.478,0,9.6
39,52799,5856,701,5.9,0.251,0,10.5
46,39638,9791,652,0.9,0.442,0,20.4
35,39006,4944,762,4.5,0.161,1,9.4
31,63217,19697,683,2.8,0.553,0,12.5
70,18794,9517,628,2.8,0.519,0,5.5
33,67437,27441,613,5.4,0.366,0,5.3
41,23165,10121,667,8.0,0.236,1,6.6
25,27829,3221,747,5.0,0.56,0,4.6
41,39906,20742,631,19.9,0.439,0,9.6
31,116780,20214,716,5.8,0.088,0,3.9
36,95891,24100,686,0.7,0.227,2,3.7
50,65029,23306,800,15.6,0.192,1,3.5
45,56535,31942,703,4.8,0.202,0,8.7
46,23274,13943,638,13.1,0.226,0,3.7
22,52193,25644,724,1.3,0.203,1,3.7
58,39352,18285,726,2.4,0.254,2,3.8
28,35360,12865,656,1.9,0.122,1,1.3
55,52152,22572,610,9.9,0.273,1,5.1
50,40601,6992,712,11.6,0.19,0,9.7
46,69405,16282,684,7.2,0.532,1,9.1
31,22598,13385,589,6.1,0.371,1,9.3
42,50514,29793,695,0.8,0.336,0,10.5
35,34488,9018,642,2.6,0.553,0,9.9
40,41612,9176,589,3.0,0.22,0,5.5
38,55373,11892,659,1.1,0.405,1,10.0
20,31353,10736,757,1.6,0.144,2,1.6
51,52349,11092,752,7.4,0.056,1,7.3
39,45029,19104,737,9.1,0.147,2,3.5
35,37638,5172,696,7.8,0.368,1,4.7
34,40610,6166,716,3.9,0.141,0,13.5
44,46082,10989,686,3.2,0.132,1,5.6
31,36057,17622,614,4.1,0.532,0,4.7
18,49160,12862,626,0.0,0.087,0,0.0
44,43859,14711,644,1.8,0.221,0,4.4
45,38387,16442,764,3.3,0.38,0,9.0
38,92590,45764,745,2.8,0.228,0,7.7
29,57878,14675,615,10.5,0.251,0,6.4
41,42063,19580,683,9.7,0.369,0,4.1
25,51966,12629,656,7.3,0.09,1,7.4
30,32509,13726,671,2.2,0.11,1,4.6
32,41163,13396,648,8.4,0.114,1,13.9
48,43130,24296,764,2.6,0.362,0,9.3
36,29771,17596,679,8.5,0.18,0,11.1
36,57236,27878,693,4.0,0.238,1,7.7
60,40045,22334,693,10.9,0.479,0,15.9
44,42524,7155,618,1.3,0.534,1,18.2
43,39047,16682,687,8.2,0.242,0,6.0
36,160113,31892,744,11.6,0.271,0,4.8
34,37607,8969,768,4.2,0.258,1,7.2
18,21430,7745,611,0.1,0.322,1,0.1
50,25849,12175,589,4.9,0.214,0,12.8
44,66418,30602,684,7.3,0.407,0,9.6
38,83665,44738,747,3.1,0.109,1,3.2
39,37320,14168,702,2.7,0.087,1,3.1
47,81763,46047,721,15.8,0.143,1,7.9
24,65949,35873,598,3.8,0.17,0,6.5
34,45443,23836,646,4.7,0.329,0,4.3
29,44171,9486,548,3.4,0.414,0,9.1
58,52699,19273,671,7.7,0.342,1,10.5
49,69632,32596,550,2.8,0.135,1,9.4
18,57464,33792,760,0.0,0.426,0,0.0
25,37394,3957,773,6.9,0.273,0,5.4
39,45721,12050,688,9.2,0.553,3,5.4
35,108283,29364,589,3.7,0.181,0,10.5
27,54203,13240,703,5.0,0.149,1,5.1
59,69406,35308,792,2.3,0.375,0,3.3
43,60837,7455,709,5.0,0.08,0,10.1
45,54685,15296,751,17.8,0.306,0,3.9
33,51199,23339,651,8.7,0.229,0,2.2
47,70190,21293,628,2.2,0.316,0,5.3
36,65346,11242,676,1.1,0.228,0,2.3
37,54478,22087,564,2.3,0.162,0,1.9
46,37142,13419,816,1.6,0.188,0,1.2
24,57195,33798,688,4.4,0.366,0,5.7
56,47724,22634,732,10.7,0.151,0,6.9
42,43334,25701,652,4.5,0.476,0,20.1
53,143130,27649,587,2.9,0.375,1,4.8
29,26486,12735,766,3.8,0.181,1,11.2
31,71927,27031,613,7.1,0.15,1,9.1
28,34715,15839,701,5.6,0.197,0,5.0
43,51662,17244,707,2.3,0.094,0,3.5
41,136959,28240,684,8.8,0.217,1,7.9
35,33358,4099,633,1.9,0.522,0,3.8
30,36697,19051,671,5.3,0.541,1,7.8
27,48679,24700,623,3.4,0.026,1,3.7
40,34930,6332,729,4.2,0.049,0,3.0
35,69816,29504,714,2.0,0.342,0,1.8
33,39584,18560,679,5.1,0.429,0,7.5
55,63679,24122,646,1.8,0.213,0,6.5
39,28806,7450,806,3.2,0.265,1,3.0
53,23796,12861,602,4.0,0.075,0,6.1
35,44730,18841,587,2.4,0.555,0,2.4
42,26176,12044,675,12.0,0.368,0,6.8
39,89977,38335,665,3.1,0.703,0,6.2
23,26584,12246,746,3.8,0.349,2,5.0
54,32368,5585,719,4.9,0.151,0,2.3
39,57841,32466,682,1.4,0.176,0,1.1
47,38772,9418,710,0.9,0.104,0,14.2
32,26706,13841,709,4.0,0.5,0,8.3
38,110856,60604,806,1.0,0.241,1,4.3
31,32838,13976,695,6.2,0.129,0,13.3
52,45320,18089,639,6.4,0.344,1,19.8
43,45086,6967,692,6.2,0.157,1,8.6
44,65129,20718,523,8.3,0.29,0,6.1
54,58979,23935,678,4.0,0.226,1,2.8
52,35217,4963,746,12.3,0.124,0,5.2
48,43031,6701,716,5.8,0.105,2,2.8
26,44767,26714,698,7.8,0.103,1,7.8
33,66144,17602,719,8.0,0.09,1,15.0
30,30720,8444,746,4.1,0.119,0,9.1
47,109891,24809,766,5.7,0.577,0,13.5
42,36182,15305,707,7.1,0.396,0,6.0
26,48850,16440,661,0.8,0.305,0,8.1
38,30823,15264,541,1.4,0.455,2,5.5
25,29165,10390,739,7.1,0.142,0,2.2
39,34552,3722,711,7.0,0.161,0,1.4
23,33249,11349,689,5.4,0.116,0,5.4
45,41535,5300,639,3.9,0.508,1,4.6
44,33137,17012,738,11.7,0.252,0,6.1
59,64746,10154,665,4.1,0.379,1,1.5
48,35840,7472,678,7.0,0.133,1,5.5
36,34285,11314,677,12.9,0.159,0,10.2
48,41890,8277,707,7.7,0.287,0,9.7
26,72921,26952,611,2.0,0.493,0,6.9
30,53421,17647,714,4.3,0.178,0,10.6
43,47105,27145,637,5.9,0.63,0,4.7
18,27633,3984,639,0.4,0.349,0,0.4
40,31036,12053,733,10.8,0.236,0,21.6
30,29397,13528,620,7.4,0.255,0,11.8
41,82681,13544,733,4.5,0.13,0,6.2
29,60611,25349,686,3.8,0.258,1,4.0
44,34730,18480,581,3.9,0.131,0,2.8
40,39115,19314,762,3.2,0.52,0,6.7
54,35238,20001,699,3.1,0.06,0,2.9
40,34395,15832,704,9.7,0.544,0,7.8
32,58931,17502,740,5.3,0.495,1,6.3
38,43695,24479,770,3.3,0.224,0,3.9
27,112698,23968,692,4.8,0.428,0,7.2
44,80833,31675,717,3.4,0.126,2,7.6
46,82768,39963,702,0.9,0.086,0,9.1
65,64122,34378,659,7.5,0.415,2,6.5
34,41396,23110,585,10.2,0.181,0,8.6
37,62263,8872,693,9.0,0.087,0,13.1
34,42637,19742,763,8.6,0.332,0,3.0
42,94100,19013,715,1.8,0.576,1,2.9
44,57625,28211,616,11.7,0.279,0,10.3
39,54445,24519,746,3.0,0.171,0,4.6
51,51577,9834,661,1.6,0.265,2,13.4
34,98332,50780,554,0.5,0.26,1,11.6
50,27626,9141,741,5.8,0.133,1,13.6
45,102264,38035,623,11.9,0.068,0,2.1
40,45503,26651,787,10.8,0.328,0,6.3
37,27932,11964,749,5.0,0.014,0,8.7
64,36283,14306,666,9.5,0.233,0,3.4
32,25328,2745,708,13.8,0.42,0,6.1
43,63670,12709,825,3.6,0.237,1,8.1
32,32360,3666,740,6.8,0.294,1,4.2
58,52442,13984,694,12.1,0.37,0,3.3
49,77164,21008,850,1.6,0.066,0,5.3
33,37466,13681,687,1.8,0.478,0,14.0
45,44036,19591,715,13.4,0.189,0,9.0
43,29105,5520,624,9.7,0.253,1,7.5
35,41968,16822,580,2.7,0.342,0,11.1
48,137257,76656,663,2.0,0.392,1,6.5
44,66915,12881,682,1.8,0.514,0,4.9
42,44095,18941,700,5.7,0.164,0,3.5
40,38381,4713,595,2.8,0.128,0,5.8
44,48192,17618,720,2.8,0.267,1,9.9
42,51638,24310,630,1.8,0.577,0,1.0
41,41455,4851,717,5.1,0.33,0,4.9
34,60598,16170,736,1.6,0.06,2,6.0
57,33477,18044,656,7.6,0.049,0,4.8
29,33411,7108,622,11.0,0.538,0,1.6
44,56845,26230,773,5.9,0.388,0,11.4
37,30716,12474,732,9.7,0.498,0,8.7
58,65618,11932,689,4.3,0.462,0,5.0
31,48742,22950,768,2.5,0.256,0,10.9
33,23596,8637,685,3.6,0.177,0,2.5
30,51216,7990,643,1.1,0.207,1,8.9
43,24983,14357,620,3.0,0.455,0,3.8
26,64689,22381,674,4.2,0.112,2,8.3
35,44379,20971,726,4.9,0.388,0,7.7
18,102789,21467,763,0.5,0.509,0,0.5
42,75247,12686,681,12.4,0.273,0,8.0
35,32071,15095,753,5.7,0.205,0,6.0
25,21844,9544,667,2.0,0.163,0,7.1
51,36241,8591,633,1.9,0.438,0,2.9
27,30076,14230,602,3.0,0.307,0,6.1
48,101752,35867,650,2.6,0.078,0,2.8
33,48819,13391,604,5.8,0.243,0,15.0
56,71209,35138,801,2.1,0.289,0,3.8
47,43739,17862,706,12.6,0.111,0,14.5
30,45621,16133,674,8.8,0.161,2,11.8
31,48385,23542,783,10.1,0.106,0,5.3
46,76314,28421,602,2.9,0.102,0,4.3
37,55528,31610,672,2.1,0.276,1,5.7
38,32115,16347,800,2.7,0.242,1,19.0
53,93808,26181,671,5.2,0.021,1,5.1
33,43603,14496,827,4.8,0.32,0,13.1
41,40855,23642,727,11.7,0.327,0,14.4
50,15807,8656,758,13.2,0.065,1,4.6
48,63181,12358,760,5.4,0.291,0,6.0
38,51042,12105,680,1.4,0.793,0,2.1
37,51020,14398,651,3.8,0.47,0,7.5
23,41726,22529,673,4.6,0.245,0,4.6
29,38945,21954,621,1.5,0.117,0,6.4
43,42284,21192,676,6.0,0.234,0,5.8
39,58998,14033,680,2.7,0.104,0,10.3
41,63300,34406,781,17.0,0.544,1,11.9
50,44694,5204,716,6.3,0.146,1,10.9
28,71652,22313,822,2.8,0.336,0,6.4
38,47496,13718,550,3.4,0.199,0,9.6
42,40067,14729,607,0.7,0.283,1,6.7
33,53070,20184,659,5.9,0.427,0,5.6
54,28460,6053,770,6.0,0.292,1,7.0
49,53803,10883,673,1.4,0.392,1,5.0
43,26453,13274,592,7.5,0.263,2,3.6
58,32497,4488,665,13.1,0.505,0,13.5
25,21862,7578,608,1.8,0.259,0,7.0
40,45705,8950,596,7.4,0.197,0,3.8
44,93326,24245,800,7.5,0.233,0,4.1
31,46778,11163,659,5.4,0.535,0,7.8
43,63414,28806,690,5.7,0.552,0,6.7
29,125609,41201,674,3.3,0.381,1,4.8
47,57620,14389,665,0.7,0.074,0,5.3
51,36095,18613,630,6.2,0.224,0,4.4
43,38138,5450,661,8.7,0.676,1,8.0
21,49034,23692,700,2.2,0.537,1,3.5
30,38057,8531,765,2.8,0.088,0,7.0
46,39213,21920,737,2.5,0.266,0,5.9
40,72700,7472,607,6.6,0.354,1,3.5
18,73900,27959,739,0.0,0.269,1,0.0
52,25368,10430,709,2.3,0.566,0,2.9
41,35339,13734,643,4.7,0.153,0,8.1
32,40717,20664,691,4.8,0.266,1,8.2
50,62295,9723,714,6.3,0.183,0,1.9
33,77438,23834,683,3.6,0.217,1,2.8
33,144464,76836,709,10.5,0.357,0,5.0
44,40690,22150,628,6.4,0.548,0,5.2
58,41511,14494,800,10.3,0.258,0,21.2
56,62033,23510,564,6.3,0.433,0,1.5
44,37314,17983,715,6.7,0.104,0,5.6
45,46333,22694,702,1.2,0.054,0,2.6
48,41522,22590,719,5.9,0.088,0,7.8
27,17177,8965,637,4.6,0.13,0,4.6
46,51498,15821,750,11.1,0.21,0,5.2
33,45572,19363,674,10.0,0.057,0,0.9
43,81511,27846,609,11.9,0.458,0,9.9
38,49129,7810,614,2.8,0.288,1,19.5
45,29676,15160,687,4.9,0.087,0,6.3
41,44212,17724,584,12.7,0.69,0,6.9
18,21238,2740,788,0.0,0.422,0,0.0
42,30201,13241,743,11.1,0.149,1,6.6
46,63209,15268,790,10.3,0.488,0,6.5
44,44403,5978,783,4.7,0.31,1,9.8
39,70898,28593,659,14.8,0.07,1,1.7
56,22320,10403,628,10.6,0.404,0,7.7
43,44490,15956,519,1.6,0.494,0,4.5
44,40530,4167,656,13.3,0.061,0,13.3
50,71850,27910,786,4.8,0.181,1,7.7
44,64158,6628,630,6.6,0.207,0,4.5
31,63380,35696,667,6.6,0.407,0,9.0
18,90814,21219,647,0.0,0.012,0,0.0
35,42309,22657,702,12.8,0.512,0,6.7
48,83620,8868,757,6.5,0.085,0,14.5
36,32284,4798,588,4.5,0.202,0,12.8
48,31814,10362,599,2.2,0.564,0,7.6
41,66244,31751,769,3.4,0.394,1,4.9
53,26852,15340,724,10.1,0.153,1,1.7
37,61642,22225,664,11.6,0.653,2,5.6
45,51048,14178,782,3.8,0.672,1,4.6
45,75263,9203,598,8.8,0.18,0,7.5
55,47869,18758,736,3.2,0.235,0,6.2
23,50132,14539,676,0.9,0.412,0,4.9
35,60096,33327,716,1.4,0.395,0,7.5
48,37607,12787,537,10.8,0.196,0,12.0
55,36957,17840,664,1.0,0.126,0,5.0
42,59265,31061,724,8.3,0.089,0,5.2
37,48450,7226,676,6.1,0.237,1,9.7
48,41651,13346,755,11.2,0.121,1,14.9
49,47424,25934,753,5.7,0.048,1,8.4
36,92765,28964,622,7.2,0.477,1,18.4
43,41060,15709,729,6.0,0.097,0,6.5
52,40587,21777,620,6.6,0.189,1,8.8
59,24761,5356,683,5.0,0.205,0,5.1
47,48197,26378,719,7.3,0.354,0,24.1
40,63752,19031,630,4.1,0.172,0,10.8
39,68492,27158,727,9.7,0.454,0,8.1
46,51189,13515,650,5.6,0.286,0,25.0
39,71850,26122,645,9.2,0.258,0,4.8
42,65676,8186,722,2.8,0.43,0,1.4
29,76510,10148,630,3.8,0.386,0,3.8
53,72673,22337,627,1.4,0.356,0,4.5
29,91857,24570,742,6.7,0.332,0,8.4
36,45804,18683,687,6.5,0.658,0,10.4
41,28830,3429,593,3.4,0.178,1,2.5
60,63926,11752,731,5.2,0.741,1,9.0
36,66985,13718,656,2.2,0.037,0,1.6
33,91858,29417,596,10.3,0.138,0,3.4
34,81840,18284,530,10.1,0.153,0,11.4
57,106744,18022,734,5.0,0.177,1,14.9
18,62815,25050,628,0.0,0.43,0,0.0
30,53719,25352,605,1.2,0.578,1,5.5
67,28170,12469,718,9.0,0.605,0,4.2
46,55450,13202,728,2.6,0.51,0,12.5
29,39301,20720,633,9.5,0.387,3,3.8
40,53349,21655,735,1.4,0.286,0,9.1
41,50101,20408,803,2.1,0.429,0,4.9
48,59201,12221,761,1.7,0.08,1,8.6
58,47149,10425,751,2.5,0.505,0,2.4
44,71254,24039,699,21.0,0.177,0,15.6
35,16494,3611,653,4.6,0.18,1,2.7
48,52891,23486,677,8.1,0.271,0,3.6
33,79300,20164,706,2.0,0.344,1,7.5
30,103572,18224,605,2.8,0.106,0,11.7
22,65695,11550,634,4.4,0.668,0,3.2
24,96178,15736,594,4.7,0.122,0,5.6
31,52448,16777,694,5.8,0.391,0,6.6
28,49077,4982,685,7.0,0.268,0,10.2
43,60583,22487,641,14.6,0.269,1,2.9
28,48958,12198,729,0.4,0.218,0,9.7
18,35849,13488,617,0.0,0.285,0,0.0
30,39891,22647,639,11.6,0.088,0,7.9
35,31418,16794,727,7.5,0.128,1,2.1
34,60558,23509,736,4.1,0.105,1,10.1
55,49245,15218,632,6.3,0.222,0,13.8
34,42442,19064,694,1.9,0.458,0,5.5
49,39078,21945,633,0.7,0.339,0,2.5
40,59995,20685,668,5.8,0.404,0,8.0
40,66982,10024,689,0.2,0.487,0,6.5
32,31188,15065,714,3.3,0.063,2,3.1
39,29288,3082,699,2.2,0.277,0,10.0
32,71812,34636,696,4.0,0.155,0,8.2
42,28281,4029,615,4.3,0.176,0,6.4
38,61022,9355,703,1.7,0.165,0,5.9
31,93598,45943,713,7.3,0.251,0,8.1
50,93685,41667,721,11.8,0.241,0,3.3
44,65851,25086,637,1.9,0.422,0,11.7
36,65090,33215,735,1.8,0.307,0,13.3
41,120664,63431,601,4.8,0.217,0,6.0
39,19269,6335,654,0.8,0.205,0,5.3
31,40711,24352,663,4.9,0.316,0,3.9
41,68830,19189,604,10.8,0.18,1,2.7
34,42834,7957,663,1.8,0.406,0,4.9
31,80492,42096,693,12.6,0.379,0,7.0
24,48255,14852,570,3.6,0.568,0,5.8
36,51673,27762,656,4.0,0.138,0,2.9
46,43920,5735,575,3.0,0.113,0,6.1
33,39775,6186,802,8.7,0.386,2,6.4
65,39386,4732,693,5.4,0.063,0,8.9
49,54637,21910,688,3.8,0.159,1,4.6
53,35960,18553,694,2.5,0.467,0,14.4
48,71774,21628,716,6.1,0.31,1,11.4
59,63659,9253,739,12.3,0.03,3,7.4
32,76097,21820,586,4.0,0.179,0,13.6
18,31208,8552,759,0.0,0.25,0,0.0
36,24840,10476,755,1.2,0.3,1,12.6
46,48939,20852,676,5.3,0.327,0,10.8
42,156298,23681,673,21.2,0.432,0,8.5
43,81347,25225,494,1.6,0.189,0,8.6
53,39270,16543,605,6.5,0.244,2,7.6
44,58093,13328,711,3.2,0.132,0,21.7
48,65581,19906,752,1.1,0.225,0,11.8
31,28357,11537,724,3.6,0.42,0,7.2
29,84783,25557,675,11.0,0.332,0,11.0
56,45845,5292,796,6.4,0.118,0,4.5
41,47275,9989,740,5.9,0.261,0,7.8
34,49489,24153,656,1.8,0.237,0,4.6
34,77483,17376,811,10.1,0.533,0,6.9
34,36240,18441,614,12.9,0.232,2,5.5
33,24766,8258,592,12.6,0.507,0,7.1
27,55781,18768,655,9.2,0.179,1,4.5
25,21645,10503,634,2.3,0.387,0,7.0
38,43458,12674,658,1.9,0.348,0,2.8
34,78806,17278,728,0.7,0.06,1,5.8
51,61799,9425,678,2.1,0.288,0,4.9
43,74380,32426,680,6.3,0.257,0,0.9
43,62827,21045,684,2.0,0.311,0,12.2
33,128558,64884,541,10.5,0.307,0,14.6
39,38743,12740,589,11.6,0.102,0,8.8
44,57483,17671,657,11.2,0.149,0,6.7
47,41141,10262,629,0.9,0.45,0,4.9
39,71878,14355,666,5.9,0.109,1,7.7
51,47828,24642,764,5.4,0.684,0,10.1
40,97493,14391,676,11.0,0.33,1,11.9
48,39643,21846,601,1.1,0.443,0,10.2
35,86064,9764,632,5.4,0.324,0,4.4
22,62147,22443,783,1.1,0.426,1,3.9
43,48388,6250,772,9.9,0.274,0,3.4
47,60899,29829,716,0.3,0.239,0,4.1
46,54421,11197,586,17.8,0.13,0,10.0
44,56522,21646,698,7.4,0.525,0,6.6
37,45128,25191,703,4.8,0.134,0,10.3
32,37026,15722,682,2.9,0.152,0,11.3
46,42872,8110,646,11.3,0.492,0,7.3
44,25003,12460,658,1.2,0.515,0,10.6
34,68650,22019,642,0.3,0.11,0,5.9
51,29910,3188,611,7.1,0.123,1,7.4
31,44934,15429,762,4.5,0.324,1,2.7
34,63527,32160,733,6.2,0.083,0,5.6
56,68580,21601,663,5.6,0.46,0,4.2
49,24104,11551,701,7.8,0.059,0,2.3
36,47252,21394,703,4.8,0.484,0,8.2
43,58918,19352,821,3.5,0.356,1,6.2
42,50051,13096,732,5.0,0.243,0,5.3
18,83921,38878,730,0.0,0.348,0,0.0
31,35287,10038,682,9.2,0.155,0,2.9
39,21599,3997,654,6.5,0.106,0,9.5
36,67787,17654,763,0.5,0.382,0,9.4
42,39544,21291,719,5.9,0.192,0,4.4
51,24260,5864,630,1.0,0.278,0,3.3
37,46009,10006,707,9.5,0.124,0,8.3
29,80196,13369,730,8.6,0.298,0,11.4
43,29575,3773,554,2.2,0.397,0,6.9
37,124791,73421,625,7.6,0.279,0,10.1
38,35061,12916,702,5.2,0.094,1,5.1
37,50757,23593,565,2.6,0.158,0,7.6
62,30102,14644,574,7.5,0.287,0,1.5
18,49844,13765,664,0.0,0.274,0,0.0
36,46467,23208,709,3.4,0.292,0,3.2
40,27016,15690,712,6.5,0.204,0,18.6
32,151802,71481,775,2.1,0.237,0,6.6
49,40210,18330,685,2.8,0.232,0,23.7
48,40224,12715,658,5.0,0.445,1,6.6
40,72230,37607,602,2.5,0.151,0,8.2
37,101286,14628,657,2.4,0.609,0,6.2
39,76924,36527,722,1.8,0.23,1,5.3
39,30319,8520,725,11.6,0.067,0,8.1
39,53400,20451,696,8.9,0.039,0,9.9
38,23097,12622,713,4.9,0.613,1,3.8
43,70311,28301,757,9.3,0.774,0,5.2
48,25487,2875,685,9.8,0.058,0,2.6
28,35551,16400,762,4.3,0.074,1,2.0
29,48958,27637,636,2.0,0.349,0,9.9
23,58571,24659,676,4.5,0.188,0,4.5
49,44162,23437,651,11.7,0.435,0,5.9
43,90006,46141,728,8.3,0.71,0,9.3
45,65467,34740,619,13.2,0.574,0,10.1
26,63443,17260,661,7.7,0.456,0,7.7
58,29979,10105,568,19.1,0.117,0,1.6
34,96737,50692,716,6.9,0.07,0,6.7
42,35553,19739,755,3.9,0.22,0,3.2
49,98225,17034,735,8.8,0.513,0,4.1
30,110071,20998,729,12.0,0.207,1,3.9
35,60178,16454,730,6.0,0.224,0,7.9
42,74073,35936,722,9.9,0.154,0,4.7
69,14283,7677,717,3.6,0.365,0,1.5
43,45342,17689,721,9.7,0.338,0,8.6
56,76181,11933,641,25.1,0.473,0,3.2
52,70955,17872,668,3.6,0.086,0,3.3
44,30095,15905,684,6.3,0.492,0,25.6
30,43587,11933,660,8.0,0.188,1,12.1
51,17773,2691,586,4.7,0.405,0,4.7
25,57826,14516,606,3.8,0.115,1,3.6
56,23079,11617,694,5.4,0.419,0,9.6
42,77049,26716,734,10.9,0.078,0,24.0
18,78676,14617,681,0.0,0.235,0,0.0
37,40548,10393,846,2.4,0.321,2,10.2
47,60386,34830,625,4.6,0.209,0,15.6
38,44943,14201,707,10.1,0.052,0,8.9
47,54001,17324,757,5.4,0.504,0,15.0
31,30980,5469,744,3.1,0.144,0,4.3
27,62881,15863,719,8.9,0.316,1,8.9
39,25426,12900,744,6.1,0.342,0,6.4
40,23577,11626,683,3.8,0.351,0,10.0
37,46687,14835,780,7.9,0.322,1,16.0
52,45049,24634,757,7.6,0.221,0,5.6
31,54662,15859,629,6.3,0.144,0,4.1
43,37805,20118,699,2.9,0.517,0,12.6
41,104222,12067,587,10.0,0.145,0,7.8
24,52273,14303,771,6.4,0.217,0,1.5
27,53807,28385,693,7.0,0.202,0,8.2
40,53045,29209,761,1.4,0.206,0,4.0
60,73216,35013,673,21.0,0.199,0,9.6
46,61723,26845,569,7.8,0.228,0,11.3
23,58501,29704,838,2.2,0.066,1,4.7
18,65801,29859,688,0.0,0.39,0,0.0
47,23627,5366,620,11.7,0.194,0,4.8
39,23987,7990,749,5.5,0.247,0,9.1
51,47552,20464,802,1.0,0.093,0,13.8
31,45294,17841,668,6.5,0.122,0,0.5
44,61816,33538,674,2.1,0.23,0,5.0
48,49415,16649,694,8.0,0.036,1,18.3
36,61867,11693,613,3.0,0.463,1,6.0
36,29785,6174,639,7.4,0.471,0,7.8
40,48811,25529,787,3.9,0.309,0,22.3
45,28669,2992,672,6.7,0.424,1,17.1
40,57225,30590,630,9.8,0.135,0,9.4
50,23125,2955,653,10.0,0.133,0,6.2
35,56349,16670,744,2.7,0.081,1,11.1
27,27239,13622,561,4.3,0.074,0,4.7
60,42049,12775,695,4.4,0.238,0,4.9
34,70121,35844,828,6.4,0.17,0,3.2
34,53688,8061,802,12.3,0.194,1,4.4
39,25380,9030,714,4.8,0.247,1,6.1
41,37461,14656,759,7.5,0.079,0,8.9
36,26888,14666,758,4.7,0.359,1,9.5
40,24887,3654,672,3.1,0.177,0,5.7
40,51383,13837,735,1.3,0.132,0,7.9
42,61336,26354,787,3.7,0.175,0,14.4
18,58468,34494,604,0.0,0.342,0,0.0
59,62383,32697,715,1.9,0.517,0,4.1
39,48788,25528,702,6.8,0.281,0,6.8
46,43943,15758,686,7.4,0.303,0,13.3
26,31913,12196,681,8.2,0.055,2,4.5
35,41108,21758,694,0.8,0.545,1,3.9
33,28896,15454,699,9.1,0.361,1,4.7
55,34959,17519,747,0.3,0.337,0,6.2
34,50796,25870,709,3.1,0.158,2,4.0
48,46764,25244,669,4.7,0.12,0,4.8
33,167024,26205,630,3.1,0.225,1,14.7
35,28615,7048,652,5.2,0.123,1,13.5
38,46628,27420,696,6.1,0.204,0,1.4
53,27737,10329,638,0.2,0.326,0,2.2
21,41977,7901,737,3.1,0.036,0,3.1
27,42666,14998,706,3.5,0.23,2,4.6
21,68731,29066,749,2.5,0.096,2,2.5
29,40951,21053,642,9.1,0.257,0,8.5
32,45409,22981,630,5.7,0.1,1,9.9
24,41269,5143,748,5.9,0.62,0,5.9
33,27989,9146,688,2.5,0.011,0,2.0
20,37766,4165,668,1.9,0.378,0,1.9
30,42076,22892,722,0.8,0.315,0,8.9
52,50490,9439,720,7.8,0.228,0,5.9
44,61303,25284,605,5.3,0.237,0,11.7
42,44630,17196,763,4.6,0.423,0,11.2
30,44317,18293,655,4.4,0.349,1,12.0
25,24629,9401,782,3.9,0.051,0,3.9
29,60833,27849,600,2.0,0.183,1,3.8
40,37110,15328,699,1.6,0.469,0,21.6
49,66095,9594,669,15.8,0.315,0,12.6
49,82998,23520,561,7.2,0.15,1,4.7
46,45471,16974,719,4.5,0.312,0,5.8
33,32555,8549,565,4.1,0.257,0,10.0
40,48694,23381,662,6.7,0.054,0,10.8
37,56358,14594,746,11.4,0.27,0,1.9
38,43208,22224,648,5.8,0.128,0,8.4
60,39120,6782,626,19.8,0.505,0,11.2
22,61415,29768,728,4.4,0.48,0,4.4
38,59816,11469,665,3.5,0.153,0,1.9
52,42680,15536,656,1.6,0.304,0,10.4
25,25295,6583,756,7.3,0.426,0,2.8
34,58838,24634,610,2.2,0.29,1,13.9
35,36065,7443,652,8.9,0.47,0,3.5
38,53409,26582,732,6.8,0.55,1,7.9
24,52076,20143,606,1.2,0.348,0,2.1
46,23027,13324,787,6.5,0.147,1,7.7
47,50637,23085,667,7.5,0.126,0,6.8
45,60223,24312,732,3.9,0.138,0,5.8
31,63251,32547,732,3.7,0.077,0,4.8
41,51377,10781,671,4.1,0.639,1,5.9
31,22228,9255,651,10.8,0.273,0,5.0
37,81702,24119,677,3.6,0.557,0,9.9
62,57781,27266,723,0.9,0.301,0,8.0
41,30293,3400,621,5.3,0.149,0,7.5
28,35771,11227,608,0.7,0.156,0,7.8
42,53771,22898,769,6.4,0.025,1,5.3
26,64339,21252,636,2.1,0.396,0,8.5
28,40329,8831,701,4.3,0.416,0,10.0
30,68201,22655,668,2.1,0.47,0,9.3
36,23930,12560,671,13.4,0.314,0,11.1
49,32306,6572,766,6.7,0.184,1,9.8
46,21467,6088,675,2.0,0.337,1,8.5
45,34236,20376,659,5.7,0.345,1,3.2
29,89611,49860,664,1.7,0.11,1,4.4
35,111650,13061,650,4.3,0.219,2,2.1
43,53843,19662,640,11.4,0.336,0,11.3
34,37973,5039,650,6.8,0.648,2,3.2
37,44862,25210,780,2.2,0.286,0,4.1
44,59239,19002,723,1.4,0.237,0,5.5
37,26234,8112,659,7.5,0.457,0,5.6
42,38988,9220,739,15.1,0.677,0,6.2
56,87026,33453,585,4.5,0.446,1,11.5
38,32264,5566,763,11.0,0.316,0,8.4
52,36330,18146,758,6.9,0.52,0,9.5
46,49280,17031,814,7.4,0.438,0,3.8
25,54899,21039,741,1.6,0.134,1,7.3
29,38177,19868,706,4.3,0.175,1,3.7
32,50553,9735,757,4.5,0.303,1,6.0
31,62516,11727,642,0.5,0.102,0,4.7
39,107428,33346,656,2.8,0.364,1,4.9
46,46607,22980,676,3.1,0.373,0,21.2
53,48218,6233,762,2.2,0.317,1,5.1
43,90308,44936,629,4.1,0.363,0,1.7
36,39353,13789,622,8.6,0.455,0,11.0
19,28861,10993,694,1.2,0.24,1,1.2
41,54182,20708,723,12.4,0.406,0,9.3
40,75393,9657,638,9.7,0.148,1,4.1
42,56637,12737,720,6.1,0.369,0,6.2
61,47155,22523,762,12.6,0.315,0,6.7
52,27464,8408,752,3.3,0.501,0,6.7
48,47890,18210,701,4.9,0.252,0,6.3
30,80279,45954,675,12.4,0.164,0,10.6
35,29922,3684,784,3.3,0.092,0,11.5
39,44449,14439,681,0.3,0.29,2,4.0
32,41982,11782,736,1.4,0.436,0,11.1
45,37083,5682,797,4.5,0.479,0,4.2
44,54131,31147,730,2.2,0.097,0,9.0
29,58532,33991,620,1.3,0.332,0,1.6
52,58287,14907,606,9.0,0.582,2,10.7
41,33166,19016,662,6.9,0.272,1,8.4
23,25377,2984,723,0.5,0.344,1,4.4
39,54445,32147,707,10.3,0.342,0,7.1
43,40040,20739,812,18.8,0.284,0,6.3
50,102265,21186,706,2.8,0.03,0,7.5
37,104173,41645,660,7.0,0.553,0,7.6
48,108692,54254,612,1.9,0.221,1,6.4
42,33656,8739,751,5.5,0.151,1,15.0
27,61559,17044,680,7.2,0.242,0,5.2
26,69451,28787,590,4.5,0.172,0,7.8
51,66393,11522,681,2.4,0.353,0,8.2
52,42542,6769,620,3.2,0.286,0,5.5
43,81770,18390,654,0.7,0.453,0,14.0
55,49030,23075,680,5.1,0.463,1,3.8
51,51598,14618,626,14.2,0.24,1,9.8
47,26499,9372,651,1.4,0.183,0,8.8
31,63444,12544,635,12.3,0.248,1,8.4
57,44172,8704,637,3.9,0.257,0,7.0
45,59037,25104,620,0.7,0.051,0,11.1
36,53855,8304,651,9.0,0.046,0,3.1
33,52700,22868,626,5.1,0.25,0,4.3
43,48133,14457,715,1.8,0.131,0,8.6
23,67147,29252,692,2.6,0.133,1,4.5
47,45272,13168,752,3.1,0.6,0,4.0
30,27390,14326,793,4.3,0.088,0,12.5
44,61549,7865,721,5.5,0.239,2,13.4
35,35468,19389,707,5.7,0.087,0,8.9
37,28862,6763,724,8.4,0.516,1,4.6
32,32569,3950,708,5.0,0.43,2,5.3
38,54904,20929,683,6.3,0.238,0,7.7
59,47164,10007,678,5.1,0.431,0,6.1
54,20888,6885,619,0.2,0.119,0,10.0
44,42047,21072,730,1.5,0.114,1,3.5
40,78252,38795,678,1.9,0.434,0,3.5
48,40924,16378,767,4.8,0.149,1,6.4
51,45881,27021,735,5.2,0.005,0,13.5
32,74399,24691,642,3.9,0.105,0,8.7
39,67386,8066,755,7.1,0.092,0,7.4
22,73769,37601,526,3.8,0.543,0,3.8
51,16171,3406,796,4.3,0.448,0,13.1
61,98067,18448,600,8.5,0.252,0,16.9
41,63232,8537,710,3.8,0.183,0,3.4
19,131215,34634,706,0.7,0.137,2,0.7
46,35849,9431,747,0.3,0.173,0,8.3
31,24212,6087,660,4.3,0.182,0,5.3
33,49163,19498,551,8.8,0.137,0,4.2
46,43908,20890,660,4.9,0.78,1,1.9
43,63670,36221,667,1.8,0.23,1,7.1
35,75355,11079,557,5.7,0.21,0,16.3
34,47339,8293,683,3.9,0.253,1,11.1
41,44521,17582,615,6.2,0.14,1,7.1
36,60421,9007,719,2.4,0.38,0,8.6
29,44244,12626,665,4.1,0.195,0,7.0
37,42788,17640,798,1.7,0.165,0,6.9
43,74225,36390,665,3.1,0.298,0,11.2
38,81138,16942,706,5.4,0.059,0,7.2
26,75628,32822,667,0.8,0.398,0,3.3
50,45831,19383,583,4.3,0.539,0,3.8
18,20829,11035,668,0.0,0.387,0,0.0
36,46199,11867,725,3.7,0.186,0,8.4
34,36200,17197,716,1.2,0.28,0,4.0
41,46542,22154,662,17.2,0.19,1,1.9
46,37480,8231,593,8.7,0.11,0,5.6
51,48616,19961,719,3.9,0.666,1,9.2
33,32347,14155,705,12.2,0.621,1,11.7
46,29370,6967,731,2.5,0.431,0,4.3
42,79944,26054,664,10.4,0.35,0,6.3
23,33261,10573,579,4.9,0.487,0,3.5
59,49027,23864,712,2.6,0.097,0,5.1
26,71812,7206,679,7.2,0.251,0,2.2
44,70666,24769,764,9.0,0.205,0,2.9
44,67369,12946,682,4.4,0.494,1,2.9
43,55334,23430,677,8.3,0.238,1,12.0
35,65487,28826,705,7.8,0.152,1,4.0
48,84900,29763,644,5.8,0.192,3,10.1
24,58105,21558,641,1.2,0.584,1,3.0
39,23509,6054,674,5.6,0.142,1,6.6
34,39679,10184,625,4.3,0.11,1,7.9
33,64767,30606,666,6.9,0.064,0,8.8
44,38145,6327,796,1.9,0.475,0,1.8
51,93718,45524,743,8.4,0.063,0,8.9
37,47797,20434,698,3.0,0.309,0,9.7
48,50721,27503,773,1.9,0.411,0,1.0
40,76872,17686,631,7.6,0.206,0,3.7
31,45563,16088,829,12.5,0.167,0,9.3
